dataset,image,gt_dice,segformer_score,yolo_score,failure
cvc_clinicdb,cvc_1,0.6992191963436681,0.8277945619330443,0.8681856137415792,0
cvc_clinicdb,cvc_10,0.9704693120660408,0.723914381948961,0.9851047715220664,0
cvc_clinicdb,cvc_100,0.9699762792274008,0.9761073825496804,0.9897863190424744,0
cvc_clinicdb,cvc_101,0.9543954028610132,0.971456042304566,0.9860189573453874,0
cvc_clinicdb,cvc_102,0.9595947114790808,0.9811343719565596,0.9954718348119328,0
cvc_clinicdb,cvc_103,0.9649400357234168,0.9703603738686608,0.992793764399729,0
cvc_clinicdb,cvc_104,0.9091858400919248,0.9506654658257612,0.9713864590339416,0
cvc_clinicdb,cvc_105,0.96389902584674,0.7883478042025959,0.9759536625318934,0
cvc_clinicdb,cvc_106,6.926646810274349e-13,0.0,0.0,1
cvc_clinicdb,cvc_107,0.9567206685653026,0.8988458591797696,0.9943826612992668,0
cvc_clinicdb,cvc_108,0.875836224843893,0.954874204116661,0.9732681631664938,0
cvc_clinicdb,cvc_109,0.8599538442852364,0.9461113698353582,0.9795134003634124,0
cvc_clinicdb,cvc_11,0.5121052190669716,0.8481851099524435,0.5794627867932385,0
cvc_clinicdb,cvc_110,0.908269544484898,0.967004785565231,0.9830599503209024,0
cvc_clinicdb,cvc_111,0.8998592525681365,0.9624423963131424,0.9365373031578744,0
cvc_clinicdb,cvc_112,0.901430842607334,0.9519233034176732,0.9280067460733789,0
cvc_clinicdb,cvc_113,0.9175081751434676,0.9424619640385103,0.951958268478198,0
cvc_clinicdb,cvc_114,0.9514983932441612,0.9404790135165324,0.9753709143985044,0
cvc_clinicdb,cvc_115,6.729022273059196e-13,0.0,0.0,1
cvc_clinicdb,cvc_116,6.369021081455726e-13,0.0,0.0,1
cvc_clinicdb,cvc_117,7.33568075116833e-13,0.0,0.0,1
cvc_clinicdb,cvc_118,6.435006435002294e-13,0.0,0.0,1
cvc_clinicdb,cvc_119,7.779679477199486e-13,0.0,0.0,1
cvc_clinicdb,cvc_12,3.9137411451591284e-13,0.0,0.0,1
cvc_clinicdb,cvc_120,5.911563017258269e-13,0.0,0.0,1
cvc_clinicdb,cvc_121,5.850348095708275e-13,0.0,0.0,1
cvc_clinicdb,cvc_122,5.931549913989008e-13,0.0,0.0,1
cvc_clinicdb,cvc_123,6.507451031426757e-13,0.0,0.0,1
cvc_clinicdb,cvc_124,0.8512524343563725,0.6540933075593469,0.9306017925732832,0
cvc_clinicdb,cvc_125,0.8897757122651597,0.8900921658981047,0.97910572503083,0
cvc_clinicdb,cvc_126,0.8826040006171221,0.9155497568491784,0.9884877612602052,0
cvc_clinicdb,cvc_127,0.9255944308833508,0.9513701609387112,0.990850559131658,0
cvc_clinicdb,cvc_128,0.9579282992456972,0.9658736794094656,0.9910747768686784,0
cvc_clinicdb,cvc_129,0.9698384421647708,0.9736922419575328,0.9960521593486086,0
cvc_clinicdb,cvc_13,0.8952800649426359,0.7058947479319887,0.9885125683519188,0
cvc_clinicdb,cvc_130,0.9489989365145656,0.9770738929512418,0.988084080867145,0
cvc_clinicdb,cvc_131,0.964825046040532,0.9763080407696596,0.994306885956536,0
cvc_clinicdb,cvc_132,0.9748780712248322,0.9753640443255102,0.9931749931740892,0
cvc_clinicdb,cvc_133,0.9646596028171026,0.9762068319484316,0.9949352841862096,0
cvc_clinicdb,cvc_134,0.9699594418093284,0.960559364604602,0.9883484622673158,0
cvc_clinicdb,cvc_135,0.9792951541850284,0.7310910974732083,0.9892302819128954,0
cvc_clinicdb,cvc_136,0.963961366584992,0.9678440754288742,0.991354870322708,0
cvc_clinicdb,cvc_137,0.9679990038600556,0.9494983277588004,0.9934384806614528,0
cvc_clinicdb,cvc_138,0.9688395996754208,0.9516632016629544,0.9926344412468672,0
cvc_clinicdb,cvc_139,0.9708330352245425,0.978441595039928,0.9932459276914644,0
cvc_clinicdb,cvc_14,0.2809923359125055,0.5757027782334774,0.7463548433654593,1
cvc_clinicdb,cvc_140,0.9787371272547506,0.9877715375646948,0.9970033343179427,0
cvc_clinicdb,cvc_141,0.969413850717774,0.979476339833462,0.9930654701201658,0
cvc_clinicdb,cvc_142,0.9613577636833528,0.9795463979770974,0.9938468550590638,0
cvc_clinicdb,cvc_143,0.920657467532548,0.8939473408151747,0.981740894598607,0
cvc_clinicdb,cvc_144,0.9693370571806648,0.9779908728551274,0.995716488662689,0
cvc_clinicdb,cvc_145,0.9810898069447233,0.9834783761096914,0.9897767486563438,0
cvc_clinicdb,cvc_146,0.9807552089087296,0.9810420257189932,0.9954008318110612,0
cvc_clinicdb,cvc_147,0.9728809877258509,0.9789378937890264,0.9916950596248608,0
cvc_clinicdb,cvc_148,0.959801681815992,0.9775936735073536,0.9935453474671408,0
cvc_clinicdb,cvc_149,0.9669539470205852,0.9780128604018988,0.994555167453773,0
cvc_clinicdb,cvc_15,2.760676917979527e-13,0.0,0.0,1
cvc_clinicdb,cvc_150,0.95551279148746,0.9757945002464592,0.9957124010548616,0
cvc_clinicdb,cvc_151,0.9581041049513626,0.9716443529001224,0.9909959447377888,0
cvc_clinicdb,cvc_152,0.9605193809592352,0.8305750626133599,0.962883603551898,0
cvc_clinicdb,cvc_153,0.8957890259464797,0.950386309941287,0.965686274509197,0
cvc_clinicdb,cvc_154,1.666666666638889e-11,0.0,0.0,1
cvc_clinicdb,cvc_155,0.0172129214813621,0.024500126550228,0.9605514384644638,1
cvc_clinicdb,cvc_156,0.9436934539649348,0.9012331450951928,0.0,0
cvc_clinicdb,cvc_157,0.9511302757089044,0.8628355208697748,0.9685559006204914,0
cvc_clinicdb,cvc_158,0.9532370251471876,0.927548713531136,0.9725274725264448,0
cvc_clinicdb,cvc_159,0.949564298917482,0.8584422967570824,0.9836065573744898,0
cvc_clinicdb,cvc_16,0.9544962769681444,0.4119614799793086,0.9658136354750498,0
cvc_clinicdb,cvc_160,0.9582295004153564,0.938481120067314,0.9936946838659144,0
cvc_clinicdb,cvc_161,0.9411764705883237,0.9374459498401017,0.9945884363415058,0
cvc_clinicdb,cvc_162,0.9479682391406372,0.9390289103030588,0.9911000355989754,0
cvc_clinicdb,cvc_163,0.2750020691369562,0.2815284866877413,0.0,1
cvc_clinicdb,cvc_164,0.9458637469587198,0.9390573401366872,0.9957094244696024,0
cvc_clinicdb,cvc_165,0.9142820725257064,0.5911267156077739,0.9742862209605874,0
cvc_clinicdb,cvc_166,0.945235916873647,0.8858539030191167,0.771021865674915,0
cvc_clinicdb,cvc_167,0.9526788142508122,0.9571849076786764,0.9851174934712988,0
cvc_clinicdb,cvc_168,2.0181634712370976e-12,0.0,0.0,1
cvc_clinicdb,cvc_169,0.9637792961575464,0.957371225576556,0.9918571428564344,0
cvc_clinicdb,cvc_17,0.96728535184939,0.5166544027468645,0.960219667066772,0
cvc_clinicdb,cvc_170,0.9481300315907998,0.974278421361698,0.9969817933979194,0
cvc_clinicdb,cvc_171,0.955440986926942,0.968783638319906,0.9962077784628308,0
cvc_clinicdb,cvc_172,0.9398076326404904,0.951170361182838,0.9705611775514098,0
cvc_clinicdb,cvc_173,0.9378944161553128,0.9334271173813838,0.96854269206036,0
cvc_clinicdb,cvc_174,0.9178979314751546,0.8077223943174668,0.93004668269878,0
cvc_clinicdb,cvc_175,0.8654867905170696,0.8508898856891727,0.8980001486874961,0
cvc_clinicdb,cvc_176,0.9465439156581978,0.8258718928054518,0.9294622368549238,0
cvc_clinicdb,cvc_177,0.8935352870157538,0.967781340662204,0.9925028548726516,0
cvc_clinicdb,cvc_178,0.8061127029626924,0.0,0.0,0
cvc_clinicdb,cvc_179,0.9035671100364214,0.945986191957566,0.9812587412573688,0
cvc_clinicdb,cvc_18,0.9637489713716644,0.834416082663648,0.9822295461626588,0
cvc_clinicdb,cvc_180,0.9069269858252114,0.9637547610259692,0.985305105851824,0
cvc_clinicdb,cvc_181,0.913918629550444,0.9631501928948208,0.9873215000654112,0
cvc_clinicdb,cvc_182,0.9451718494272432,0.9616004296442514,0.990230558810746,0
cvc_clinicdb,cvc_183,0.9161036036037216,0.9645596403055215,0.986538959356735,0
cvc_clinicdb,cvc_184,0.9184298847221386,0.9780113400622624,0.9824945295391376,0
cvc_clinicdb,cvc_185,0.923105953391902,0.958408354338352,0.989271895883759,0
cvc_clinicdb,cvc_186,0.9447959598305308,0.9532668881500812,0.9913783574660155,0
cvc_clinicdb,cvc_187,0.9375090200606374,0.916495484038959,0.9848600069128984,0
cvc_clinicdb,cvc_188,0.9524808332128046,0.9630937665544894,0.9847786621976732,0
cvc_clinicdb,cvc_189,0.936073059360789,0.9198319941554786,0.9772164860474636,0
cvc_clinicdb,cvc_19,0.5570467217844426,0.8868274582554203,0.9398284470612344,0
cvc_clinicdb,cvc_190,0.9267022879847558,0.9590752059514228,0.9768220448094556,0
cvc_clinicdb,cvc_191,0.8942101501075975,0.8794957359997053,0.9825255522552504,0
cvc_clinicdb,cvc_192,0.9209666884391868,0.8096809680938406,0.9863861386108096,0
cvc_clinicdb,cvc_193,0.9186976018718684,0.962601626014521,0.9834983498331804,0
cvc_clinicdb,cvc_194,0.9598952035469972,0.9396411092975736,0.9843374651667296,0
cvc_clinicdb,cvc_195,0.9478165938865198,0.9536937324995114,0.958619297536376,0
cvc_clinicdb,cvc_196,0.9269585497721542,0.9338174273849232,0.9713341754922056,0
cvc_clinicdb,cvc_197,0.9293709757306295,0.951034151033236,0.9895775172147872,0
cvc_clinicdb,cvc_198,0.9580268282129404,0.9229654172697008,0.9830543500713133,0
cvc_clinicdb,cvc_199,0.944702954225793,0.9521426337181188,0.9891770471707276,0
cvc_clinicdb,cvc_2,0.699262513729892,0.8390898990382885,0.90581818181777,0
cvc_clinicdb,cvc_20,0.4103179364129701,0.8332986905000692,0.9560698176103588,1
cvc_clinicdb,cvc_201,1.697504668134956e-12,0.0,0.0,1
cvc_clinicdb,cvc_205,3.3036009249973455e-12,0.0,0.0,1
cvc_clinicdb,cvc_206,0.763674158763308,0.8845846006075839,0.9866607049698288,0
cvc_clinicdb,cvc_207,0.7029621503019042,0.8704760123437103,0.9875568523118616,0
cvc_clinicdb,cvc_208,0.7416421877189234,0.8189723320141917,0.978838665987847,0
cvc_clinicdb,cvc_209,3.5335689045811537e-12,0.0,0.0,1
cvc_clinicdb,cvc_21,0.7283193748831588,0.8365588788446168,0.8611284095152382,0
cvc_clinicdb,cvc_210,0.6898540515553108,0.8653145208698222,0.9240050861669984,0
cvc_clinicdb,cvc_211,0.7423778458261904,0.9125274423707078,0.9603029268441104,0
cvc_clinicdb,cvc_212,0.7831084801762861,0.9340924775703356,0.976117676224702,0
cvc_clinicdb,cvc_213,0.8639768871569644,0.9724797974151966,0.9827850181108396,0
cvc_clinicdb,cvc_214,0.8899979834644636,0.9335465725467746,0.9781808189057551,0
cvc_clinicdb,cvc_215,0.9761642127476016,0.9219886223097096,0.9918307597860924,0
cvc_clinicdb,cvc_216,0.9036695358511166,0.9576231563731212,0.9877568134167766,0
cvc_clinicdb,cvc_217,0.9644991212653936,0.9726021486814632,0.9930424325712964,0
cvc_clinicdb,cvc_218,0.9689686301060884,0.9616212932790535,0.9931612618569418,0
cvc_clinicdb,cvc_219,0.9211425248928548,0.9621751179679708,0.992529508440914,0
cvc_clinicdb,cvc_22,0.1763663668732301,0.6689457894364969,0.9679948937713432,1
cvc_clinicdb,cvc_220,0.958528037383218,0.9506759906751042,0.9898190045239535,0
cvc_clinicdb,cvc_221,0.9001759530792959,0.951194883876415,0.9864090755913888,0
cvc_clinicdb,cvc_222,0.9196321471412506,0.9301134284657516,0.992423301452003,0
cvc_clinicdb,cvc_223,0.9341569563387138,0.9438995684569844,0.981122112209926,0
cvc_clinicdb,cvc_224,0.939148786493248,0.9125248508931204,0.984553391536292,0
cvc_clinicdb,cvc_225,0.9396600566573092,0.91857105332162,0.9824229313128956,0
cvc_clinicdb,cvc_226,0.9455467971369524,0.9615948908250956,0.9796479175603438,0
cvc_clinicdb,cvc_227,0.9304087107465198,0.8689470154247231,0.9821162444098628,0
cvc_clinicdb,cvc_228,0.8849108106393164,0.9435139350369948,0.969788106629549,0
cvc_clinicdb,cvc_229,0.8946322067595109,0.9207957678258544,0.9787173056245224,0
cvc_clinicdb,cvc_23,0.9723547287963952,0.8293768545992308,0.8498817476451497,0
cvc_clinicdb,cvc_230,0.8037861813526445,0.7925123916592938,0.0,0
cvc_clinicdb,cvc_231,5.205080158231727e-13,0.0,0.0,1
cvc_clinicdb,cvc_232,0.8811672683514197,0.9388505747123354,0.9683254941943332,0
cvc_clinicdb,cvc_233,0.9103492026875314,0.9428051675759432,0.9741971760586736,0
cvc_clinicdb,cvc_234,0.9215080743743416,0.9501624386531587,0.9875903817047292,0
cvc_clinicdb,cvc_235,0.9092080306338228,0.9399308556608542,0.9853906884081068,0
cvc_clinicdb,cvc_236,0.930359134508173,0.9457572502681052,0.9783427495287296,0
cvc_clinicdb,cvc_237,0.9237484471007208,0.93977161500785,0.9740863787372332,0
cvc_clinicdb,cvc_238,0.937261486795933,0.954811949108222,0.986753680611822,0
cvc_clinicdb,cvc_239,0.9301110894562736,0.9501272264627012,0.9774233128830356,0
cvc_clinicdb,cvc_24,0.9248536109304012,0.9595721715236584,0.8769183972566224,0
cvc_clinicdb,cvc_240,0.9073253283907216,0.9024433903155364,0.973004115225937,0
cvc_clinicdb,cvc_241,0.9100809080103108,0.9417690737761336,0.9786427397948612,0
cvc_clinicdb,cvc_242,0.8948705342511083,0.8335762668263595,0.9833815994649217,0
cvc_clinicdb,cvc_243,9.867771857104926e-13,0.0,0.0,1
cvc_clinicdb,cvc_244,0.6036847029975789,0.4885865563306958,0.5914521011683892,0
cvc_clinicdb,cvc_245,0.8713607016689784,0.8601555291941082,0.926176101380282,0
cvc_clinicdb,cvc_246,8.1300813008064e-13,0.0,0.0,1
cvc_clinicdb,cvc_247,0.8642693080678064,0.8940812644957933,0.9456210646819516,0
cvc_clinicdb,cvc_248,0.8772321428571918,0.931168596236916,0.8593652080949389,0
cvc_clinicdb,cvc_249,0.8864298686489478,0.9248291571750225,0.9762062385603114,0
cvc_clinicdb,cvc_25,0.1353267457666063,0.824100156493233,0.9768658771674787,1
cvc_clinicdb,cvc_250,0.8720352222696246,0.9348093480930386,0.9827244667614212,0
cvc_clinicdb,cvc_251,0.8880552578302441,0.8106946123869335,0.9745942535981106,0
cvc_clinicdb,cvc_252,0.902648008611452,0.9507496513245508,0.9822937454880972,0
cvc_clinicdb,cvc_253,0.8156986020814423,0.8757046311000418,0.4619219299414866,0
cvc_clinicdb,cvc_254,4.264028654270738e-13,0.0,0.0,1
cvc_clinicdb,cvc_255,0.8314415281022863,0.6688714344767801,0.0,0
cvc_clinicdb,cvc_256,0.7946262303804751,0.7884148456466221,0.6357562076746566,0
cvc_clinicdb,cvc_257,0.7794686613361284,0.8411134287561819,0.9626508416243548,0
cvc_clinicdb,cvc_258,0.8073676132003548,0.838347017340361,0.9588685061497904,0
cvc_clinicdb,cvc_259,0.7461046795185087,0.924876761785418,0.627461962101826,0
cvc_clinicdb,cvc_26,6.858710562367225e-12,0.0,0.0,1
cvc_clinicdb,cvc_260,0.4915694309758527,0.947879572676628,0.9735975647630156,1
cvc_clinicdb,cvc_261,0.7974122305569289,0.8920102703515738,0.9394677908045912,0
cvc_clinicdb,cvc_262,0.8926545660805826,0.8352507440141983,0.9825398046300352,0
cvc_clinicdb,cvc_263,8.840951286350596e-13,0.0,0.0,1
cvc_clinicdb,cvc_264,0.83375646024122,0.8313060879894839,0.949365761609983,0
cvc_clinicdb,cvc_265,0.8488418441915389,0.8818530701751969,0.9679640482507772,0
cvc_clinicdb,cvc_266,0.6710571923744316,0.7835768963115127,0.8231962570792837,0
cvc_clinicdb,cvc_267,0.3378089826646384,0.5780502141232865,0.6546060461789617,1
cvc_clinicdb,cvc_268,4.038772213245542e-13,0.0,0.0,1
cvc_clinicdb,cvc_269,5.529138560209261e-13,0.0,0.0,1
cvc_clinicdb,cvc_27,0.7378398603149467,0.7377173091440219,0.8995633187753285,0
cvc_clinicdb,cvc_270,0.7231758106840023,0.7163211643121395,0.6606983581643617,0
cvc_clinicdb,cvc_271,0.9069274355693828,0.7565015290518028,0.6900066930956367,0
cvc_clinicdb,cvc_272,2.8400215841632335e-13,0.0,0.0,1
cvc_clinicdb,cvc_273,0.8912681249335465,0.9431146682622218,0.0,0
cvc_clinicdb,cvc_274,3.076071241809014e-13,0.0,0.0,1
cvc_clinicdb,cvc_275,0.4713043987241443,0.9446902654861452,0.978349202498042,1
cvc_clinicdb,cvc_276,0.8781635667259423,0.9099182708137264,0.9675464694159,0
cvc_clinicdb,cvc_277,0.819921947593451,0.7431413444565254,0.9487022276717968,0
cvc_clinicdb,cvc_278,0.9327135900842568,0.8328075709758971,0.9460303300603344,0
cvc_clinicdb,cvc_279,3.649635036483031e-12,0.0,0.0,1
cvc_clinicdb,cvc_28,0.8917166279213364,0.9365343475149316,0.9866937302650126,0
cvc_clinicdb,cvc_280,0.9355029585799772,0.89447701326613,0.9873843566008028,0
cvc_clinicdb,cvc_281,0.9298741330594272,0.9210559555375508,0.9679091582313404,0
cvc_clinicdb,cvc_282,0.9150678783799896,0.5824385939100126,0.988832063457897,0
cvc_clinicdb,cvc_283,0.937828064854849,0.8813432835809933,0.9832229580563098,0
cvc_clinicdb,cvc_284,3.237293622521084e-12,0.0,0.0,1
cvc_clinicdb,cvc_285,2.947244326545985e-12,0.0,0.0,1
cvc_clinicdb,cvc_286,0.898601873218544,0.8609271523167406,0.8905220476420546,0
cvc_clinicdb,cvc_287,2.8514399771803497e-12,0.0,0.0,1
cvc_clinicdb,cvc_288,0.9205776173286224,0.9016036966554748,0.9770915074028894,0
cvc_clinicdb,cvc_289,3.0835646006688758e-12,0.0,0.0,1
cvc_clinicdb,cvc_29,0.9118257261411704,0.9125207296839628,0.986167146973116,0
cvc_clinicdb,cvc_290,0.932490518331397,0.8416923507961847,0.979176755445571,0
cvc_clinicdb,cvc_291,0.9385297845375838,0.901194353959822,0.9586492074398392,0
cvc_clinicdb,cvc_292,0.8315526255971094,0.8732795443738176,0.0,0
cvc_clinicdb,cvc_293,0.9602897773008314,0.9414046266782916,0.98782746758271,0
cvc_clinicdb,cvc_294,0.9615631829284464,0.9385416666654446,0.9762840837019958,0
cvc_clinicdb,cvc_295,0.9168521670814236,0.871594243396854,0.9801013471746632,0
cvc_clinicdb,cvc_296,0.921721099015169,0.8955808980739566,0.9789043336042864,0
cvc_clinicdb,cvc_297,3.532320734710236e-12,0.0,0.0,1
cvc_clinicdb,cvc_298,0.9706076376163816,0.8676567656758517,0.9898797301254108,0
cvc_clinicdb,cvc_299,0.9639059457840888,0.8882343315318472,0.9781341107857462,0
cvc_clinicdb,cvc_3,0.7135868707591246,0.8420257705192609,0.9520508883522912,0
cvc_clinicdb,cvc_30,0.9452257586972902,0.8874500309662251,0.9913797449206072,0
cvc_clinicdb,cvc_300,0.930885795244591,0.809483793516921,0.9795043198581196,0
cvc_clinicdb,cvc_301,0.9166165736368256,0.1438189639048589,0.9812908423588028,0
cvc_clinicdb,cvc_302,0.962735042735064,0.5787143417583485,0.985144823630063,0
cvc_clinicdb,cvc_303,0.9427683672446914,0.7770415390939189,0.985914028795163,0
cvc_clinicdb,cvc_304,0.9345260548580404,0.9232966379048358,0.9396847967763124,0
cvc_clinicdb,cvc_305,0.9366988618003173,0.9241395736568916,0.986423014824238,0
cvc_clinicdb,cvc_306,0.9269595461885788,0.531247915693902,0.9895351667070093,0
cvc_clinicdb,cvc_307,0.8689446155350887,0.926809336533568,0.9535310302654878,0
cvc_clinicdb,cvc_308,0.9530700847633023,0.9312399724956332,0.9914259749492308,0
cvc_clinicdb,cvc_309,0.8986492374728552,0.9524519549362552,0.9724770642193868,0
cvc_clinicdb,cvc_31,0.9500086891038928,0.9532622701177502,0.9819563152891,0
cvc_clinicdb,cvc_310,0.9651760228354612,0.6590998043044238,0.9931341621803802,0
cvc_clinicdb,cvc_311,0.9328408327737864,0.8957998212673891,0.975247524750866,0
cvc_clinicdb,cvc_312,0.9181784524253308,0.0,0.9699819168138518,0
cvc_clinicdb,cvc_313,1.5026296018008976e-12,0.0,0.0,1
cvc_clinicdb,cvc_314,0.9320554300714656,0.9056974459718596,0.972090374026345,0
cvc_clinicdb,cvc_315,0.9852214326112118,0.5181245930104486,0.991279708834854,0
cvc_clinicdb,cvc_316,0.9558904758147312,0.9527417369067536,0.9839129670749424,0
cvc_clinicdb,cvc_317,0.946793303897606,0.959131628849487,0.9772987409382624,0
cvc_clinicdb,cvc_318,4.149377593343779e-12,0.0,0.0,1
cvc_clinicdb,cvc_319,0.9540771782784108,0.9671824519623072,0.9897702498725646,0
cvc_clinicdb,cvc_32,0.9485748755844022,0.951999999999518,0.9895426726418054,0
cvc_clinicdb,cvc_320,0.96072915494547,0.9563880039536896,0.9816731349709124,0
cvc_clinicdb,cvc_321,0.9407780752874936,0.9699270959895429,0.9950994950987562,0
cvc_clinicdb,cvc_322,0.9682578143930408,0.9804156435281904,0.9956776600148052,0
cvc_clinicdb,cvc_323,0.9477524810274628,0.9665509928663164,0.9889222681181988,0
cvc_clinicdb,cvc_324,0.9555073655874108,0.975725707699362,0.9950241580724056,0
cvc_clinicdb,cvc_325,0.9245302183850436,0.9711965977179864,0.992347661784608,0
cvc_clinicdb,cvc_326,0.9312602291326498,0.9592298980736588,0.989366415594828,0
cvc_clinicdb,cvc_327,0.9404456448346517,0.9550254204133032,0.9950387991337044,0
cvc_clinicdb,cvc_328,0.8945386064031235,0.9569032761301122,0.9792262245083102,0
cvc_clinicdb,cvc_329,0.9093241243217473,0.9208027410661568,0.9851453567839376,0
cvc_clinicdb,cvc_33,0.9327572465288256,0.94206447986472,0.9950031725884378,0
cvc_clinicdb,cvc_330,0.94414414414419,0.9556642216781128,0.9883766901233584,0
cvc_clinicdb,cvc_331,0.960388545477507,0.8603620849965211,0.9890273386640698,0
cvc_clinicdb,cvc_332,0.970882150241238,0.9705678670351708,0.9865095628406876,0
cvc_clinicdb,cvc_333,0.9523006278699724,0.954136690646624,0.983780861415585,0
cvc_clinicdb,cvc_334,0.9526398877390349,0.9694974003457802,0.9886027859848132,0
cvc_clinicdb,cvc_335,0.95619173335537,0.9766283832616042,0.9885039118625352,0
cvc_clinicdb,cvc_336,0.9500715819613904,0.9701806700570336,0.9867841409683106,0
cvc_clinicdb,cvc_337,0.9416945282557762,0.9752302318188508,0.9909575701360298,0
cvc_clinicdb,cvc_338,0.9582296614642396,0.8724715918554858,0.990340131018546,0
cvc_clinicdb,cvc_339,0.9400062169724276,0.9536328181410464,0.9847058823514931,0
cvc_clinicdb,cvc_34,0.9300157751327048,0.9314053707522392,0.9908021101034824,0
cvc_clinicdb,cvc_340,0.9271286116084706,0.9464469618925168,0.9770427055024018,0
cvc_clinicdb,cvc_341,0.9482861105608316,0.9719839908500628,0.992849077905546,0
cvc_clinicdb,cvc_342,0.9624205748865584,0.9789629629623828,0.993118051878717,0
cvc_clinicdb,cvc_343,0.9561027130503952,0.9377454451806232,0.9640306623855308,0
cvc_clinicdb,cvc_344,0.9639861151287372,0.9743199681259826,0.0,0
cvc_clinicdb,cvc_345,0.9738750682367724,0.9715074586796903,0.9351181332744732,0
cvc_clinicdb,cvc_346,0.9573435504470532,0.6885844748850586,0.991554266984758,0
cvc_clinicdb,cvc_347,0.9279731993300542,0.9010511054721808,0.9713163064823463,0
cvc_clinicdb,cvc_348,0.9743111303970547,0.9687935419659476,0.9970138918940156,0
cvc_clinicdb,cvc_349,0.9608815426997328,0.8550407540090753,0.984064343163328,0
cvc_clinicdb,cvc_35,0.9316521176851396,0.9473617048421188,0.9853841955236912,0
cvc_clinicdb,cvc_350,0.9232267975570748,0.9462112607492512,0.9477965595727648,0
cvc_clinicdb,cvc_351,0.920034183860432,0.8134263295541798,0.963563733203046,0
cvc_clinicdb,cvc_352,0.9192641798672468,0.9175447839819316,0.996866058044697,0
cvc_clinicdb,cvc_353,0.9348875101836592,0.9571302483917808,0.96786171574842,0
cvc_clinicdb,cvc_354,0.9376944977819388,0.9701237437608736,0.9874299767721084,0
cvc_clinicdb,cvc_355,1.016983626562578e-12,0.0,0.0,1
cvc_clinicdb,cvc_356,1.0253255408581714e-12,0.0,0.0,1
cvc_clinicdb,cvc_357,0.7834020676798533,0.7754157138418523,0.95615143094267,0
cvc_clinicdb,cvc_358,0.8465773995746173,0.9183391003453852,0.9725633288885184,0
cvc_clinicdb,cvc_359,0.8508926819698593,0.9189400715558368,0.939612768183705,0
cvc_clinicdb,cvc_36,0.919588592800468,0.9413520027534242,0.975284762517757,0
cvc_clinicdb,cvc_360,0.9463384328648186,0.9330936175673415,0.6664487839418617,0
cvc_clinicdb,cvc_361,0.5843208503946676,0.5771749554731944,0.970023705742722,0
cvc_clinicdb,cvc_362,1.105827712041241e-12,0.0,0.0,1
cvc_clinicdb,cvc_363,6.872852233629741e-12,0.0,0.0,1
cvc_clinicdb,cvc_364,0.9006342494716497,0.9176336313469324,0.9779735682802152,0
cvc_clinicdb,cvc_365,0.8726072607263529,0.9294605809109348,0.9288961629370268,0
cvc_clinicdb,cvc_366,0.8895481515292343,0.8964896489628792,0.9818552497431564,0
cvc_clinicdb,cvc_367,0.9144736842107022,0.9103477167974228,0.9603174603156456,0
cvc_clinicdb,cvc_368,0.8726195514179589,0.9014533147503456,0.9320388349498112,0
cvc_clinicdb,cvc_369,0.8247726714184694,0.9191111111090686,0.9148069085951586,0
cvc_clinicdb,cvc_37,0.9147515803155228,0.92965355255377,0.9776483110184429,0
cvc_clinicdb,cvc_370,0.8158232725409303,0.8188331627409958,0.9607679465756244,0
cvc_clinicdb,cvc_371,0.8491751767484321,0.9197678388497106,0.8963549920732287,0
cvc_clinicdb,cvc_372,0.8773500447633064,0.909630886716548,0.9455808568083922,0
cvc_clinicdb,cvc_373,0.767706422019201,0.8852558280324394,0.918756815700876,0
cvc_clinicdb,cvc_374,0.7899484536089241,0.8927943760958033,0.8813387423912745,0
cvc_clinicdb,cvc_375,0.6022328548657025,0.745832114651226,0.0,0
cvc_clinicdb,cvc_376,0.8155156102178879,0.8610603290663299,0.9157536834140338,0
cvc_clinicdb,cvc_377,0.888377926421638,0.8282278193763826,0.8742149040895023,0
cvc_clinicdb,cvc_378,0.7769136307822821,0.794768611668421,0.9312134977272368,0
cvc_clinicdb,cvc_379,0.891526541378531,0.915893827947183,0.9322033898278752,0
cvc_clinicdb,cvc_38,0.9653271127134287,0.933907094779947,0.9739239710954298,0
cvc_clinicdb,cvc_380,0.9025235032164708,0.9496115427281918,0.9393939393919626,0
cvc_clinicdb,cvc_381,0.8108761329307993,0.93227960212436,0.9317249698420604,0
cvc_clinicdb,cvc_382,0.9235259778168076,0.8365564566424882,0.954545454544222,0
cvc_clinicdb,cvc_383,0.8911400060479421,0.9213385484558578,0.963540290619599,0
cvc_clinicdb,cvc_384,0.8298209659332915,0.9649476137672908,0.9650202466196232,0
cvc_clinicdb,cvc_385,0.8855005285842308,0.9178218478475122,0.9361406377757694,0
cvc_clinicdb,cvc_386,0.9209754751474732,0.6703629254929933,0.9374294413463554,0
cvc_clinicdb,cvc_387,0.920699153262842,0.8531067482934254,0.9147096816930684,0
cvc_clinicdb,cvc_388,0.8635323610752147,0.6181406921509572,0.9725131670474068,0
cvc_clinicdb,cvc_389,0.9123315960271628,0.9437103052650728,0.956097310349897,0
cvc_clinicdb,cvc_39,0.9364341085272022,0.93660665575457,0.9891629683135624,0
cvc_clinicdb,cvc_390,0.9791170742263636,0.9682888023259538,0.9873689868312316,0
cvc_clinicdb,cvc_391,0.9626641651032244,0.933358793201324,0.9780178837546776,0
cvc_clinicdb,cvc_392,0.9041687427338182,0.9147201410307874,0.9889310238797844,0
cvc_clinicdb,cvc_393,0.9491265118065212,0.9514861213455222,0.986669958034444,0
cvc_clinicdb,cvc_394,0.9441465325059082,0.9380678106995202,0.9861546350629672,0
cvc_clinicdb,cvc_395,0.9121977080869816,0.9590548130927914,0.9869684499310368,0
cvc_clinicdb,cvc_396,0.9359180145697265,0.9547513125722596,0.9894860269685404,0
cvc_clinicdb,cvc_397,0.9631794272355468,0.9377490039837718,0.9745680933849106,0
cvc_clinicdb,cvc_398,0.934774793282334,0.9643766532345396,0.9751011897458666,0
cvc_clinicdb,cvc_399,0.9312458517159524,0.9506561276951304,0.9821368636953264,0
cvc_clinicdb,cvc_4,0.8083432591895493,0.69580464439948,0.9087161994098324,0
cvc_clinicdb,cvc_40,0.950962586269554,0.9237351190470462,0.9763928234177428,0
cvc_clinicdb,cvc_400,0.9496987529774767,0.948024378551703,0.9794145167751774,0
cvc_clinicdb,cvc_401,0.93091958024572,0.9472819521619004,0.9753965992205872,0
cvc_clinicdb,cvc_402,0.950877791034617,0.9727631578944168,0.993322588072434,0
cvc_clinicdb,cvc_403,0.9476173703014404,0.9582614694717596,0.9613932414569748,0
cvc_clinicdb,cvc_404,0.9587120698231996,0.9307161345983904,0.9150196809608804,0
cvc_clinicdb,cvc_405,0.9561074831388736,0.9473088401765218,0.9643642312996756,0
cvc_clinicdb,cvc_406,0.9564136971323708,0.9444652556654128,0.9746841432825558,0
cvc_clinicdb,cvc_407,0.9607886871570858,0.9170878852107788,0.9631125131436538,0
cvc_clinicdb,cvc_408,0.919588105981766,0.907264657789706,0.9516985411614248,0
cvc_clinicdb,cvc_409,0.9758399395998532,0.9808584883285936,0.9901857930892772,0
cvc_clinicdb,cvc_41,0.9259659817127854,0.9428710462277928,0.9863240018347992,0
cvc_clinicdb,cvc_410,0.9221710487961744,0.9148963236223668,0.9832731648610208,0
cvc_clinicdb,cvc_411,0.8853160010263531,0.9109777189938844,0.9720116072255246,0
cvc_clinicdb,cvc_412,0.8394263450221011,0.9027310924360264,0.979379492999452,0
cvc_clinicdb,cvc_413,0.7955679607546345,0.9119204582287777,0.9773020120914092,0
cvc_clinicdb,cvc_414,0.8808698227945355,0.909785493937709,0.9755955161137756,0
cvc_clinicdb,cvc_415,0.8250644932142577,0.9087075690487418,0.892208669394536,0
cvc_clinicdb,cvc_416,0.8678572812149429,0.9571826256016271,0.9544883077692756,0
cvc_clinicdb,cvc_417,0.8149436248388315,0.9641976131735688,0.9794178378731904,0
cvc_clinicdb,cvc_418,0.8626844114310712,0.869011213046803,0.9643100704694654,0
cvc_clinicdb,cvc_419,0.8816661862208556,0.9486286286282488,0.972992380420085,0
cvc_clinicdb,cvc_42,0.9477038165824286,0.8870539663809444,0.9862706270620551,0
cvc_clinicdb,cvc_420,0.7576756645374828,0.9457222512628742,0.9521063729072023,0
cvc_clinicdb,cvc_421,0.8621210446827045,0.8959956015756914,0.9751289302940546,0
cvc_clinicdb,cvc_422,0.8940265133365418,0.888033374022336,0.8919951239332397,0
cvc_clinicdb,cvc_423,0.8938979963570473,0.9300264455718212,0.978086584713708,0
cvc_clinicdb,cvc_425,0.87142281338196,0.7605061003145944,0.0,0
cvc_clinicdb,cvc_426,0.8512474872887246,0.9127745788008012,0.9597162740892936,0
cvc_clinicdb,cvc_427,0.9641337386018384,0.9379759688606624,0.971109116134428,0
cvc_clinicdb,cvc_428,8.943743851168103e-13,0.0,0.0,1
cvc_clinicdb,cvc_429,0.932067202337514,0.9679715302485546,0.9936788874836262,0
cvc_clinicdb,cvc_43,0.9359170491246508,0.8932694015264666,0.9776233944575672,0
cvc_clinicdb,cvc_430,0.9143326800278724,0.9701606732970572,0.9939117199385352,0
cvc_clinicdb,cvc_431,0.9316549426138974,0.962825278809746,0.9881747356698746,0
cvc_clinicdb,cvc_432,0.936385953677054,0.9634761346844464,0.9853688587704782,0
cvc_clinicdb,cvc_433,0.9700908898753065,0.9580201462387083,0.9956259112679672,0
cvc_clinicdb,cvc_434,0.9618897947156656,0.9647659902631875,0.9922375970295588,0
cvc_clinicdb,cvc_435,0.9702208201892932,0.9635607424415148,0.9882584373264964,0
cvc_clinicdb,cvc_436,0.9399809463322072,0.9649462105639036,0.9930868650429858,0
cvc_clinicdb,cvc_437,0.9499175189706698,0.973264748840431,0.9923451635345149,0
cvc_clinicdb,cvc_438,0.5803997816892515,0.8371724674685149,0.5689117205949821,0
cvc_clinicdb,cvc_439,0.9430466891976824,0.9335207637785196,0.945950954351136,0
cvc_clinicdb,cvc_44,0.966082000774655,0.6708197649719164,0.990606044338939,0
cvc_clinicdb,cvc_440,0.8417326502097422,0.9129611055378212,0.9784843667186236,0
cvc_clinicdb,cvc_441,0.9128971962618452,0.9227364927145072,0.9840013762240084,0
cvc_clinicdb,cvc_442,0.8545358370803299,0.9245143111361048,0.1773563572823061,0
cvc_clinicdb,cvc_443,0.9426375844136128,0.9688633615470308,0.9727835359026374,0
cvc_clinicdb,cvc_444,0.9415219611849198,0.9649718910230648,0.9964374131990844,0
cvc_clinicdb,cvc_445,0.9674753681534176,0.9621050345647826,0.980980406229462,0
cvc_clinicdb,cvc_446,0.912524298805922,0.9354979905292524,0.9589063193124334,0
cvc_clinicdb,cvc_447,0.9142108709890076,0.9574361542297488,0.9458450046670622,0
cvc_clinicdb,cvc_448,0.9506395786305863,0.5569173244697165,0.992562929061075,0
cvc_clinicdb,cvc_449,0.9514181960938743,0.8824824405064655,0.9635517642487752,0
cvc_clinicdb,cvc_45,0.9281800681179267,0.9443600318349292,0.9880836912837826,0
cvc_clinicdb,cvc_450,0.9563106796117262,0.9036122708279114,0.9849130862561744,0
cvc_clinicdb,cvc_451,0.9311758360303536,0.9121813031141596,0.9859437750984218,0
cvc_clinicdb,cvc_452,0.9508876506415046,0.9468725464525688,0.9604139092757064,0
cvc_clinicdb,cvc_453,0.949386685721151,0.9447793585713228,0.9842883548971992,0
cvc_clinicdb,cvc_454,0.9675251959686691,0.9442991229412644,0.9774479017977608,0
cvc_clinicdb,cvc_455,0.8933545986178132,0.7354948805456268,0.9493155075312716,0
cvc_clinicdb,cvc_456,0.9329783756013578,0.6947407591164135,0.9666943444962788,0
cvc_clinicdb,cvc_457,0.8565851001044824,0.765094577553208,0.8742473165193846,0
cvc_clinicdb,cvc_458,0.4310861423223637,0.36459812900996,0.0,1
cvc_clinicdb,cvc_459,0.8864910610389437,0.8862918509150491,0.9893515877533852,0
cvc_clinicdb,cvc_46,0.9669905907759008,0.934019801979458,0.9861826872798668,0
cvc_clinicdb,cvc_460,0.9251773049646054,0.9522904062221672,0.9429856850708032,0
cvc_clinicdb,cvc_461,0.9398539309752686,0.8740774556791645,0.9749849909939464,0
cvc_clinicdb,cvc_462,0.8469427786808009,0.7096045197735659,0.9655309229772526,0
cvc_clinicdb,cvc_463,0.9459602757045776,0.9339383091200376,0.9909755049415984,0
cvc_clinicdb,cvc_464,0.9648943421949756,0.898311218334802,0.9588483972810194,0
cvc_clinicdb,cvc_465,0.6646015985840461,0.4668551281642579,0.9870718050063844,0
cvc_clinicdb,cvc_466,0.9687678453766884,0.6359672699034605,0.987135847221172,0
cvc_clinicdb,cvc_467,0.8983377624928882,0.7538313562034281,0.0,0
cvc_clinicdb,cvc_468,8.45737483084535e-13,0.0,0.0,1
cvc_clinicdb,cvc_469,0.9020315680326042,0.94677449689639,0.9785346534649588,0
cvc_clinicdb,cvc_47,0.9500642555535386,0.919381531041222,0.9842820353427828,0
cvc_clinicdb,cvc_470,1.0046212577848057e-12,0.0,0.0,1
cvc_clinicdb,cvc_471,4.64792005577288e-13,0.0,0.0,1
cvc_clinicdb,cvc_472,0.9077754373111302,0.8677858828575232,0.9343328195785032,0
cvc_clinicdb,cvc_473,0.9347537421535688,0.886241770175495,0.9382213565133768,0
cvc_clinicdb,cvc_474,0.9258930253842832,0.927537892896786,0.981533204978447,0
cvc_clinicdb,cvc_475,0.8967616813999872,0.8381597578918739,0.976831922611614,0
cvc_clinicdb,cvc_476,0.8768310514422765,0.9466955826957693,0.9766949742444728,0
cvc_clinicdb,cvc_477,0.8978490356377761,0.9351928276644556,0.9784762743584228,0
cvc_clinicdb,cvc_478,0.9188312430036966,0.9403827222740184,0.0,0
cvc_clinicdb,cvc_479,0.9680156104182664,0.9531956897258224,0.9900798049210292,0
cvc_clinicdb,cvc_48,0.9253593807593758,0.872657376260574,0.9783699601998802,0
cvc_clinicdb,cvc_480,0.9320082125747816,0.9082197220381448,0.9827366272639446,0
cvc_clinicdb,cvc_481,0.911292525264814,0.8598307186368915,0.9700786504043742,0
cvc_clinicdb,cvc_482,0.955860509455305,0.9308446472044106,0.9928834039257396,0
cvc_clinicdb,cvc_483,0.9668325771924487,0.9207831949011986,0.9916417910445648,0
cvc_clinicdb,cvc_484,0.9601231797066756,0.9244952344366734,0.9898277567791304,0
cvc_clinicdb,cvc_485,0.9546385925245692,0.8750606109581077,0.9920169139354093,0
cvc_clinicdb,cvc_486,0.9562516638566366,0.9564418305449766,0.9910512519199212,0
cvc_clinicdb,cvc_487,0.9741197183098704,0.965544800638946,0.995875179339582,0
cvc_clinicdb,cvc_488,0.9771435682581916,0.9752874764787892,0.9947635344077044,0
cvc_clinicdb,cvc_489,0.9363116061888056,0.9639361080632988,0.964752813791001,0
cvc_clinicdb,cvc_49,0.955532686995637,0.9528579205220724,0.989471478706726,0
cvc_clinicdb,cvc_490,0.9737639218975744,0.9695997584585728,0.9754054261777558,0
cvc_clinicdb,cvc_491,0.922028502499584,0.9039310690500744,0.9723418306694036,0
cvc_clinicdb,cvc_492,0.9611619425427174,0.9765685313078272,0.9899204023523932,0
cvc_clinicdb,cvc_493,0.9632645464486044,0.9740681454376918,0.9806252447759624,0
cvc_clinicdb,cvc_494,0.9752323704569558,0.9660653040735672,0.9921500097081934,0
cvc_clinicdb,cvc_495,0.9567720622935448,0.9767289259682276,0.989523079424585,0
cvc_clinicdb,cvc_496,0.9434326010857026,0.9758547805542768,0.965055724672076,0
cvc_clinicdb,cvc_497,0.939807316224557,0.8915391993537166,0.9764978251717674,0
cvc_clinicdb,cvc_498,0.9604972049112562,0.9602758667780332,0.9913206739239792,0
cvc_clinicdb,cvc_499,0.9643727051296098,0.9726685200561482,0.9774914985874202,0
cvc_clinicdb,cvc_5,0.7704644598409769,0.8559325852819359,0.9434879950586954,0
cvc_clinicdb,cvc_50,0.9278383072794444,0.959565479781292,0.9828571428557028,0
cvc_clinicdb,cvc_500,0.9448042341957512,0.9526169092595376,0.9799615877077528,0
cvc_clinicdb,cvc_501,0.965671257193585,0.9817653793524388,0.9786778040333632,0
cvc_clinicdb,cvc_502,0.95106735549275,0.9781198200329202,0.9924985302760748,0
cvc_clinicdb,cvc_503,0.973339300556236,0.9839477564775684,0.995599123996038,0
cvc_clinicdb,cvc_504,0.972742590940642,0.9656686626741688,0.9891693163747072,0
cvc_clinicdb,cvc_505,0.973362459652449,0.9687939090935632,0.9910345717231066,0
cvc_clinicdb,cvc_506,0.8591392607592581,0.8592427391148996,0.9725934183664676,0
cvc_clinicdb,cvc_507,0.9649421501982224,0.9667562206542086,0.962560508269342,0
cvc_clinicdb,cvc_508,0.9616869796066244,0.8813832149198265,0.9897741925807452,0
cvc_clinicdb,cvc_509,0.9617780635826688,0.8207819287573168,0.9829914359685388,0
cvc_clinicdb,cvc_510,0.9597890573500506,0.8356137376283129,0.9769129864446974,0
cvc_clinicdb,cvc_511,0.9476888228215844,0.8523376518863343,0.9746130030953046,0
cvc_clinicdb,cvc_512,0.95057034220536,0.9356209664717964,0.9934215389156674,0
cvc_clinicdb,cvc_513,0.9393881816454878,0.9468384228072014,0.9704446157793816,0
cvc_clinicdb,cvc_514,0.9089382017505486,0.9088064371922624,0.9831544178360928,0
cvc_clinicdb,cvc_515,0.9668881759853536,0.9408861205776584,0.9865915492952188,0
cvc_clinicdb,cvc_516,0.976166117236946,0.9792805100178432,0.98513913109372,0
cvc_clinicdb,cvc_517,0.9640396085471284,0.967871716764775,0.9878441793402002,0
cvc_clinicdb,cvc_518,0.965497935474865,0.9639303482580404,0.9915381465804616,0
cvc_clinicdb,cvc_519,0.9788410539976362,0.9763686157144538,0.994015325241626,0
cvc_clinicdb,cvc_520,0.982457730837228,0.981657320315248,0.9926744865397078,0
cvc_clinicdb,cvc_521,0.9549412380454132,0.9487056106241224,0.9725256537565742,0
cvc_clinicdb,cvc_522,0.9465320742429524,0.9567828698257236,0.9783494651038088,0
cvc_clinicdb,cvc_523,0.933772269558546,0.9586839368431892,0.984006656188422,0
cvc_clinicdb,cvc_524,0.9791858812972108,0.9674566678455284,0.9890245102862022,0
cvc_clinicdb,cvc_525,0.9722085916938162,0.9776897689764674,0.9948624172757772,0
cvc_clinicdb,cvc_526,0.9628376473242188,0.9465508313670408,0.9906316769840624,0
cvc_clinicdb,cvc_527,0.973965248513552,0.9699127239314596,0.9904330597220546,0
cvc_clinicdb,cvc_528,0.9747720224043074,0.980511683753126,0.9890169737673644,0
cvc_clinicdb,cvc_529,0.8293823038400178,0.944493915106939,0.4493813657799922,0
cvc_clinicdb,cvc_53,0.923346986542286,0.8935406698511152,0.9746974697416134,0
cvc_clinicdb,cvc_530,0.3037716615702441,0.3412595312056813,0.0,1
cvc_clinicdb,cvc_531,0.807183628010849,0.9128693039547912,0.5470295429565278,0
cvc_clinicdb,cvc_532,0.8538210003635051,0.9076604554856028,0.9538526672301504,0
cvc_clinicdb,cvc_533,0.4723962996123185,0.7299384628089333,0.962470308788272,1
cvc_clinicdb,cvc_534,0.8286874154263676,0.9302411644970516,0.9442658742186038,0
cvc_clinicdb,cvc_535,0.5169531996181483,0.5936690323305194,0.6432553761492132,0
cvc_clinicdb,cvc_536,0.33374905240522,0.2540134119080842,0.9537774296942736,1
cvc_clinicdb,cvc_537,0.9155416012559754,0.8546752445572797,0.9706546275385508,0
cvc_clinicdb,cvc_538,0.5358727154435821,0.6107649997190263,0.650890807738195,0
cvc_clinicdb,cvc_539,0.9188344172086552,0.937499999999442,0.9613227044576548,0
cvc_clinicdb,cvc_54,2.252252252201526e-11,0.0,0.0,1
cvc_clinicdb,cvc_540,0.9659631919278172,0.9684878392664896,0.9671434881584156,0
cvc_clinicdb,cvc_541,0.4693197072708313,0.4949861318538532,0.9108262548259736,1
cvc_clinicdb,cvc_542,0.3674672678402939,0.3653539656320481,0.9631370348284938,1
cvc_clinicdb,cvc_543,0.6507813052394645,0.95339267945003,0.9668251566887384,0
cvc_clinicdb,cvc_544,0.5046517068255917,0.4782147041592564,0.955224956738974,0
cvc_clinicdb,cvc_545,0.4349151368204244,0.4516129032256516,0.5037576560170489,1
cvc_clinicdb,cvc_546,0.8840440470032636,0.9280135106601026,0.950459965927802,0
cvc_clinicdb,cvc_547,0.433849455772752,0.5189009159025497,0.9811653914038224,1
cvc_clinicdb,cvc_548,0.5179407176292422,0.4729263841001085,0.9796563302370538,0
cvc_clinicdb,cvc_549,0.535313531354669,0.0,0.0,0
cvc_clinicdb,cvc_55,1.5037593984736276e-11,0.0,0.0,1
cvc_clinicdb,cvc_550,0.7912699081488234,0.8177177413014861,0.977140847546178,0
cvc_clinicdb,cvc_551,0.8123463071315082,0.8304448526468888,0.9922994269332088,0
cvc_clinicdb,cvc_552,0.6100888140711616,0.627604830080691,0.9678760222288132,0
cvc_clinicdb,cvc_553,0.2742998352561014,0.473077484312749,0.0,1
cvc_clinicdb,cvc_554,0.2747459540842352,0.3423794801324374,0.0,1
cvc_clinicdb,cvc_555,0.2692047758512398,0.3876796714573748,0.9872909698963636,1
cvc_clinicdb,cvc_556,0.2338643067855647,0.2548955966674727,0.0,1
cvc_clinicdb,cvc_557,0.322331169728874,0.3815142576199164,0.0,1
cvc_clinicdb,cvc_558,0.2831351196456754,0.8177233429365356,0.993224392184164,1
cvc_clinicdb,cvc_559,2.6809651473812077e-11,0.0,0.0,1
cvc_clinicdb,cvc_56,0.9188386671066994,0.9352612553385882,0.9827722459285874,0
cvc_clinicdb,cvc_560,2.531645569613844e-12,0.0,0.0,1
cvc_clinicdb,cvc_561,0.3660130718962881,0.3039163376370676,0.0,1
cvc_clinicdb,cvc_562,0.350642566085727,0.4181866714116752,0.9773737373717628,1
cvc_clinicdb,cvc_563,0.8468185388845956,0.4607439992348153,0.9623764538846926,0
cvc_clinicdb,cvc_564,0.807054144799098,0.3764705882352074,0.732537203747664,0
cvc_clinicdb,cvc_565,0.2811603980441211,0.265120967741787,0.9454175152730236,1
cvc_clinicdb,cvc_566,2.88018433178894e-12,0.0,0.0,1
cvc_clinicdb,cvc_567,0.3372323990303746,0.2422789451413873,0.9610666666615412,1
cvc_clinicdb,cvc_568,0.4860968074176823,0.8350434096224544,0.981754995647422,1
cvc_clinicdb,cvc_569,0.32683082827206,0.8140116763902084,0.0,1
cvc_clinicdb,cvc_57,0.8553945249602081,0.837675350698605,0.9936635944671842,0
cvc_clinicdb,cvc_570,0.7857142857149182,0.8581395348803948,0.9792046698249574,0
cvc_clinicdb,cvc_571,0.3266090297803523,0.3028720626627202,0.9678878335550978,1
cvc_clinicdb,cvc_572,0.9214069512577796,0.7555015197559203,0.969672785314276,0
cvc_clinicdb,cvc_573,0.1078968573734456,0.4946971633016564,0.1103536259617628,1
cvc_clinicdb,cvc_574,4.422821760263499e-12,0.0,0.0,1
cvc_clinicdb,cvc_575,0.761288685946523,0.0,0.9351944167484189,0
cvc_clinicdb,cvc_576,1.7702248185488225e-12,0.0,0.0,1
cvc_clinicdb,cvc_578,1.8109380659148666e-12,0.0,0.0,1
cvc_clinicdb,cvc_579,0.7735002803215411,0.8631452581026656,0.9894562255651052,0
cvc_clinicdb,cvc_58,0.8572347266885619,0.8868894601513918,0.979322228601438,0
cvc_clinicdb,cvc_580,0.9249380267724592,0.6396791344088053,0.66083513650354,0
cvc_clinicdb,cvc_581,0.5707383361016266,0.929050242250661,0.9788763478145036,0
cvc_clinicdb,cvc_582,0.4855157729591849,0.5620576740254141,0.982354993298022,1
cvc_clinicdb,cvc_583,0.2966771454595597,0.1085676913014687,0.9561139497443556,1
cvc_clinicdb,cvc_584,0.1723464420023985,0.5825941346848791,0.9462637543108974,1
cvc_clinicdb,cvc_585,4.1373603640705945e-12,0.0,0.0,1
cvc_clinicdb,cvc_586,0.3270626573843405,0.3072404834518215,0.3304765422976244,1
cvc_clinicdb,cvc_587,0.9135802469137372,0.9426172148339004,0.9854483925533242,0
cvc_clinicdb,cvc_588,0.9075514874143992,0.8888888888866442,0.9156982886099394,0
cvc_clinicdb,cvc_589,0.9422468354431522,0.8751905902834346,0.982194141296224,0
cvc_clinicdb,cvc_59,0.9399916072180444,0.5704868154143751,0.9793729372896892,0
cvc_clinicdb,cvc_590,0.230269266481386,0.1067121595387336,0.2247596153844925,1
cvc_clinicdb,cvc_591,0.2764089493066579,0.0001653849334324,0.3010452961670375,1
cvc_clinicdb,cvc_592,0.8682820185827398,0.898342195807868,0.9795918367339098,0
cvc_clinicdb,cvc_593,0.9474127937612526,0.8479433878807182,0.963207455585901,0
cvc_clinicdb,cvc_594,0.9332334688637564,0.9423214834535986,0.976702149024928,0
cvc_clinicdb,cvc_595,3.551136363623753e-12,0.0,0.0,1
cvc_clinicdb,cvc_596,0.9223867205026416,0.8419829589449226,0.9824120602994506,0
cvc_clinicdb,cvc_597,0.7496589358807992,0.508084577113638,0.984538928765918,0
cvc_clinicdb,cvc_598,0.8979020979022764,0.8908760230359338,0.943955534968436,0
cvc_clinicdb,cvc_599,0.9302032058564556,0.907157101705177,0.9842931937161322,0
cvc_clinicdb,cvc_6,0.9690660760428278,0.724939855653345,0.9874277779152956,0
cvc_clinicdb,cvc_60,0.920478536242223,0.7600664175990867,0.988451882843534,0
cvc_clinicdb,cvc_600,0.9325683122195464,0.9664789194504476,0.9798444691313656,0
cvc_clinicdb,cvc_601,0.9270182652012912,0.9412455934188152,0.9265847804596028,0
cvc_clinicdb,cvc_602,0.9403263055949188,0.9523669075350594,0.9795918367340116,0
cvc_clinicdb,cvc_603,0.941242796291693,0.9405829596406696,0.9907380095563738,0
cvc_clinicdb,cvc_604,0.934328358209002,0.9664846935243132,0.9754233379449327,0
cvc_clinicdb,cvc_605,0.887557167639351,0.8392690409485938,0.9889737065295604,0
cvc_clinicdb,cvc_606,0.8651501822296529,0.8702163061555009,0.9543066026948204,0
cvc_clinicdb,cvc_607,0.7575993764618909,0.789982925439594,0.9573459715625174,0
cvc_clinicdb,cvc_608,0.4170587342545021,0.6038760179277799,0.6105488908246025,1
cvc_clinicdb,cvc_609,0.9259763851045344,0.8437904649784063,0.98887594024686,0
cvc_clinicdb,cvc_61,4.568296025561589e-12,0.0,0.0,1
cvc_clinicdb,cvc_610,0.9168819982774368,0.9235825801140882,0.983315233487034,0
cvc_clinicdb,cvc_611,0.9025361082680512,0.8976393572694924,0.9925880172936044,0
cvc_clinicdb,cvc_612,0.747673586256715,0.9181974741663056,0.9513578036392848,0
cvc_clinicdb,cvc_62,0.8979458754486536,0.8882195448430783,0.979902557853289,0
cvc_clinicdb,cvc_63,0.9361842105265256,0.8853294503062056,0.9881734559757288,0
cvc_clinicdb,cvc_64,0.9091564527761026,0.8750463477906005,0.9903686482863155,0
cvc_clinicdb,cvc_65,0.8857884490594231,0.8624037495786328,0.9754343918484858,0
cvc_clinicdb,cvc_66,0.9036525740583732,0.8521256931581882,0.9742240925802887,0
cvc_clinicdb,cvc_67,0.9223167718915116,0.7691322446341047,0.9775483870942516,0
cvc_clinicdb,cvc_68,1.517680983454974e-12,0.0,0.0,1
cvc_clinicdb,cvc_69,0.5753307725147774,0.575705731393123,0.0,0
cvc_clinicdb,cvc_7,0.9712337523971936,0.6776279121612202,0.9840250117775956,0
cvc_clinicdb,cvc_70,3.2797638569915397e-12,0.0,0.0,1
cvc_clinicdb,cvc_71,1.1454753722663748e-11,0.0,0.0,1
cvc_clinicdb,cvc_72,0.6499377851521154,0.8290462098774664,0.9671170022916974,0
cvc_clinicdb,cvc_73,0.4269662921361728,0.4401650618970009,0.98764342453227,1
cvc_clinicdb,cvc_74,3.644314868791384e-12,0.0,0.0,1
cvc_clinicdb,cvc_75,0.7247292418778775,0.8245467224523723,0.943673931500301,0
cvc_clinicdb,cvc_76,5.235602094213427e-12,0.0,0.0,1
cvc_clinicdb,cvc_77,0.7005807200936107,0.4978571428562538,0.9801568989363632,0
cvc_clinicdb,cvc_78,0.9224528752089658,0.8311265023409429,0.0,0
cvc_clinicdb,cvc_79,0.9010367577759164,0.7251705837742131,0.946983546615752,0
cvc_clinicdb,cvc_8,0.9522700814901148,0.5805252428346983,0.0,0
cvc_clinicdb,cvc_80,0.8847894187264713,0.3158861340676299,0.0,0
cvc_clinicdb,cvc_81,0.908679049899742,0.7906106298787345,0.936392716534857,0
cvc_clinicdb,cvc_82,0.951167158572644,0.9515561569675892,0.9828434632251858,0
cvc_clinicdb,cvc_83,0.8009955201593822,0.9205833260120704,0.9868480725619514,0
cvc_clinicdb,cvc_84,0.9293002257336982,0.9527367506507796,0.94267861993938,0
cvc_clinicdb,cvc_85,0.922337100264549,0.971045775957595,0.9863894705347096,0
cvc_clinicdb,cvc_86,0.9269363966551846,0.9489365366391552,0.978028554329334,0
cvc_clinicdb,cvc_87,0.9649942550747108,0.9537796332183138,0.9874886946028132,0
cvc_clinicdb,cvc_88,0.93078906652921,0.9536817102128328,0.9865444617775092,0
cvc_clinicdb,cvc_89,0.9593609585621974,0.9642431466021412,0.9932465498668952,0
cvc_clinicdb,cvc_9,0.54469315519241,0.7080125772517532,0.9313778743428106,0
cvc_clinicdb,cvc_90,0.9602561687700506,0.9630692004293984,0.9951655568722108,0
cvc_clinicdb,cvc_91,0.9288719303395668,0.9603532167949536,0.9953232462164188,0
cvc_clinicdb,cvc_92,0.9312094395281046,0.931588613405726,0.9840956454963428,0
cvc_clinicdb,cvc_93,0.952178798851352,0.940817105764362,0.0,0
cvc_clinicdb,cvc_94,0.9428143071322096,0.9314071918510376,0.9888922857423936,0
cvc_clinicdb,cvc_95,0.9298227640611312,0.9449225473312822,0.9958458119978786,0
cvc_clinicdb,cvc_96,0.9093261455526584,0.9480623252088012,0.986693548386102,0
cvc_clinicdb,cvc_97,0.8180053385102911,0.7376142066648596,0.9747329498757448,0
cvc_clinicdb,cvc_98,0.969702912050216,0.9712002339062564,0.996666984096278,0
cvc_clinicdb,cvc_99,0.960873882820284,0.971611662927926,0.9955265848664394,0
cvc_colondb,1,0.8035013582861349,0.1974281391823092,0.9853260869538444,0
cvc_colondb,100,0.9305065524193769,0.8039559156263032,0.9771459193641908,0
cvc_colondb,101,0.9562420093207588,0.9238927787210822,0.9943115342715962,0
cvc_colondb,102,0.9310041559606252,0.7237400228048521,0.8117975730948771,0
cvc_colondb,103,0.800210627934559,0.8237116305264963,0.8744324135520908,0
cvc_colondb,104,0.698618409399584,0.6898627428171615,0.9780696469452188,0
cvc_colondb,105,2.944120591178548e-13,0.0,0.0,1
cvc_colondb,106,3.9252629926189653e-13,0.0,0.0,1
cvc_colondb,107,5.95096405617356e-13,0.0,0.0,1
cvc_colondb,108,0.7037567954994987,0.8917663935970056,0.9732929012454884,0
cvc_colondb,109,0.9504532717982692,0.8767038200072892,0.9919326097518252,0
cvc_colondb,11,0.8808940383280859,0.5514643020457929,0.957218459218034,0
cvc_colondb,110,0.9509290138161146,0.8755428713237684,0.9925686591273962,0
cvc_colondb,111,0.8600706140173167,0.9507137456176362,0.9832045289044226,0
cvc_colondb,112,0.8951541850220536,0.9412220071880174,0.9731453507885832,0
cvc_colondb,113,0.6898493812489499,0.909069240852934,0.9109549512846146,0
cvc_colondb,114,0.682982757860527,0.8838046958371906,0.9849534869195324,0
cvc_colondb,115,1.4316392269127678e-12,0.0,0.0,1
cvc_colondb,116,2.4850894632145002e-12,0.0,0.0,1
cvc_colondb,117,0.7525503170666167,0.8718901453950954,0.940563921819176,0
cvc_colondb,118,0.7592261239097745,0.8249418636088773,0.7829690251731156,0
cvc_colondb,119,0.9019971625014176,0.6123809523805358,0.7437024631911634,0
cvc_colondb,12,0.7806596503589851,0.7262994143481303,0.0,0
cvc_colondb,120,0.8439945183679572,0.6481806225336211,0.0,0
cvc_colondb,121,0.9545660581161016,0.925332052537184,0.0,0
cvc_colondb,122,0.956499263937434,0.9577842102274864,0.8188892299888124,0
cvc_colondb,123,0.7884051167703632,0.9086827601224752,0.9816026759742252,0
cvc_colondb,124,3.025169409486017e-13,0.0,0.0,1
cvc_colondb,125,0.9452116481537144,0.8476544356710335,0.8602186005366268,0
cvc_colondb,126,0.9137674141399252,0.747719530874752,0.0,0
cvc_colondb,127,0.8359114139693635,0.9710845832055972,0.8377434703726359,0
cvc_colondb,128,0.8939647478804402,0.9675841339067108,0.9888255013818184,0
cvc_colondb,129,0.9578358408738076,0.9597732144090494,0.8403720900748237,0
cvc_colondb,13,0.9010748535754,0.0,0.9721749696227386,0
cvc_colondb,130,0.9631465732153848,0.7839284147730882,0.9890677105986676,0
cvc_colondb,131,0.6839561178598277,0.5983120327945028,0.9858842743811328,0
cvc_colondb,132,0.939436338197106,0.9108677063394638,0.986848741125427,0
cvc_colondb,133,0.9396992156580772,0.9099231540257569,0.9929727650942232,0
cvc_colondb,134,0.9601831253828674,0.9368427801997508,0.9957758190583748,0
cvc_colondb,135,0.9474671083471524,0.9343533289794028,0.9813959218872108,0
cvc_colondb,136,0.7446059578907032,0.7405618405997392,0.7697767753488441,0
cvc_colondb,137,0.7125415878878903,0.6944102654244018,0.7324351342075508,0
cvc_colondb,138,2.723237384602076e-13,0.0,0.0,1
cvc_colondb,139,0.7302657994058379,0.8917663935970056,0.9732929012454884,0
cvc_colondb,14,0.9307936075237908,0.9449077502653364,0.9811616441930912,0
cvc_colondb,140,0.9242227979274786,0.8716448085975709,0.9525736689007328,0
cvc_colondb,141,0.932748829331487,0.96362034510154,0.9887274496117022,0
cvc_colondb,142,0.9624494064333788,0.9608446124613714,0.9928855948156016,0
cvc_colondb,143,0.9435511937078224,0.8809710258415031,0.9898054370998834,0
cvc_colondb,144,0.9644872502015408,0.9439789255386396,0.9894338343314232,0
cvc_colondb,145,0.9571972989235866,0.9446552435727198,0.994640711691754,0
cvc_colondb,146,0.9450429067007654,0.875396088723594,0.991717049576484,0
cvc_colondb,147,0.9256594724220898,0.8657634566089836,0.9753462403012924,0
cvc_colondb,148,0.759108984513996,0.8493276716203647,0.7882112369759524,0
cvc_colondb,149,0.9204512996286918,0.8887329434696124,0.9824987675186664,0
cvc_colondb,15,0.8654595858962725,0.9183147685076464,0.970011398026581,0
cvc_colondb,150,0.9108974836674588,0.2947149179899788,0.0,0
cvc_colondb,151,0.9194437701564242,0.7463500439750456,0.96069198842002,0
cvc_colondb,152,8.227743952601428e-13,0.0,0.0,1
cvc_colondb,153,7.544322897014301e-13,0.0,0.0,1
cvc_colondb,154,8.41892574506784e-13,0.0,0.0,1
cvc_colondb,155,1.0011012113314637e-12,0.0,0.0,1
cvc_colondb,156,0.8869343953977835,0.8618771590837508,0.9649619634621772,0
cvc_colondb,157,0.8797768479777687,0.8828103683486475,0.9862122788755292,0
cvc_colondb,158,0.8849978383053142,0.6740469973886819,0.9872002155746517,0
cvc_colondb,159,0.9125721169086968,0.9188164812318628,0.9799671977501287,0
cvc_colondb,16,0.963489287275914,0.9550335689988148,0.9774973418624432,0
cvc_colondb,160,0.8430548860272412,0.7637900814513022,0.9797257006553488,0
cvc_colondb,161,0.845053147996835,0.4290849673201212,0.9546846677911404,0
cvc_colondb,162,0.8818001551858938,0.8331199317108884,0.8926594291459539,0
cvc_colondb,163,0.9032438792089736,0.9347872797588446,0.0,0
cvc_colondb,164,0.9259277085238842,0.9522731389236768,0.989490703314026,0
cvc_colondb,165,0.9286851451198396,0.9373612068301794,0.9849481105913868,0
cvc_colondb,166,0.875033118431548,0.855615809781819,0.9756546914065072,0
cvc_colondb,167,0.8986981058278489,0.8242822966502247,0.9819524626821752,0
cvc_colondb,168,0.8744036105739044,0.8119235233029064,0.9888023369030008,0
cvc_colondb,169,0.9471418732782596,0.908627933624365,0.9665593262319516,0
cvc_colondb,17,0.9235250950655064,0.953321328126388,0.9768425374664388,0
cvc_colondb,170,0.9621184757088762,0.8152663561253637,0.9845126952270778,0
cvc_colondb,171,0.9557932331541296,0.7714421839044723,0.984000753792426,0
cvc_colondb,172,0.9007412555015633,0.9225320440741384,0.986061970622394,0
cvc_colondb,173,0.9135318579418223,0.952482007750068,0.9370993932138548,0
cvc_colondb,174,0.9293346714682512,0.959487296863722,0.9687341558216614,0
cvc_colondb,175,0.8559624280518888,0.8436607652766834,0.9809353405722542,0
cvc_colondb,176,0.9049391191242168,0.9706829350954176,0.9874805440884524,0
cvc_colondb,177,0.906109931587694,0.9563624250494356,0.9850521561452924,0
cvc_colondb,178,0.9092832254853724,0.5492967601985342,0.971068461758252,0
cvc_colondb,179,0.8322954459306697,0.8560209424080034,0.9349401957226644,0
cvc_colondb,18,0.9307709670138552,0.9440765268576944,0.9859581164504946,0
cvc_colondb,180,0.8977403545703063,0.964767572025875,0.9799649758092726,0
cvc_colondb,181,0.9520713265356624,0.9464830300044532,0.9800611264731092,0
cvc_colondb,182,0.8772988339038827,0.9198712519052912,0.9917695473245796,0
cvc_colondb,183,0.9082955539649182,0.905429071803132,0.9796338504514523,0
cvc_colondb,184,0.9186665694070184,0.9554035567708924,0.9817587802879242,0
cvc_colondb,185,0.8330509579045575,0.9587114337557182,0.9915454852880266,0
cvc_colondb,186,0.9397225725095336,0.9207664422567052,0.993543580828168,0
cvc_colondb,187,0.916155419222994,0.9490395923158084,0.9908610885448914,0
cvc_colondb,188,0.8956037962257057,0.8959844138966381,0.9781051357068123,0
cvc_colondb,189,0.9270342972428116,0.927714237421304,0.9844815550657872,0
cvc_colondb,19,0.9428685153244148,0.8996582155790187,0.9811859480954008,0
cvc_colondb,190,0.8858154606802393,0.961329379786903,0.9905366554857508,0
cvc_colondb,191,0.929813690254914,0.9515418502198832,0.9888963000741596,0
cvc_colondb,192,0.9091994032819944,0.9541073657922824,0.9569350967190864,0
cvc_colondb,193,0.9030988686670344,0.9378244408879676,0.982797865591633,0
cvc_colondb,194,0.9128579188329662,0.9716821949963422,0.9899557187597688,0
cvc_colondb,195,0.8602475448893834,0.9451958068540844,0.9858702965679904,0
cvc_colondb,196,0.9371046228710844,0.8655781474631004,0.9723661485313918,0
cvc_colondb,197,0.938655541860264,0.9716839642447144,0.9869723814483686,0
cvc_colondb,198,0.8762697751874469,0.905429071803132,0.9796338504514523,0
cvc_colondb,199,0.8585251918586039,0.9115519735477828,0.951601321269112,0
cvc_colondb,2,9.496676163252644e-12,0.0,0.0,1
cvc_colondb,20,0.9374248858264662,0.8030075187968857,0.9767258979204572,0
cvc_colondb,200,0.9009009009010024,0.9601730750310156,0.9898139079324292,0
cvc_colondb,201,0.910256410256523,0.9113549500666857,0.9742399628672844,0
cvc_colondb,202,0.8111876640420722,0.8135854882281692,0.9080401692664346,0
cvc_colondb,203,0.9141742522757386,0.961329379786903,0.9905366554857508,0
cvc_colondb,204,0.6030844155847377,0.7578564162959699,0.0,0
cvc_colondb,205,0.6621995630012204,0.6147045137268382,0.0,0
cvc_colondb,206,0.9033326433452632,0.6008370795216232,0.9718012660637412,0
cvc_colondb,207,0.7336903602729627,0.5198460566370728,0.902776537808318,0
cvc_colondb,208,0.8767200224659457,0.0,0.0,0
cvc_colondb,209,0.8127329192549492,0.5325046195191226,0.975919212841823,0
cvc_colondb,21,0.9427767787153726,0.6761417772977393,0.9841269841267664,0
cvc_colondb,210,0.8802880288029701,0.8410339660334408,0.9871673645812594,0
cvc_colondb,211,1.485884101037911e-12,0.0,0.0,1
cvc_colondb,212,0.9304585030455026,0.9431878144014691,0.9852567720086818,0
cvc_colondb,213,0.9182147165259678,0.934241728459768,0.9935974691168298,0
cvc_colondb,214,0.9299820466786726,0.9233413186121636,0.9843968793753828,0
cvc_colondb,215,0.9459842201092729,0.9315317035900824,0.986696230598194,0
cvc_colondb,216,0.9543524416136084,0.936026344675769,0.9910481986149,0
cvc_colondb,217,0.9098176972927686,0.9490919251182178,0.9839941179791956,0
cvc_colondb,218,0.9604127442110764,0.9669409694142208,0.9877823383977852,0
cvc_colondb,219,0.9591231390717369,0.952679985550876,0.988638595112916,0
cvc_colondb,22,0.9238095238095456,0.9097744360899626,0.9763539282987423,0
cvc_colondb,220,0.9467241733415704,0.9555484489922628,0.9854292049410098,0
cvc_colondb,221,0.8927071728511901,0.8499812006513556,0.9394203259107934,0
cvc_colondb,222,8.281573498957945e-13,0.0,0.0,1
cvc_colondb,223,0.8856223279051325,0.8346441679771034,0.9503312859694586,0
cvc_colondb,224,0.7953349701860791,0.837197788595728,0.9836171938353742,0
cvc_colondb,225,0.8301717699778489,0.6950572943377885,0.9814167947450309,0
cvc_colondb,226,0.9281062020328033,0.8674934725844519,0.9854648734437452,0
cvc_colondb,227,0.9146156490788204,0.7223151773095143,0.8774488099102756,0
cvc_colondb,228,0.9577108603006644,0.8275001589420158,0.9742773402750204,0
cvc_colondb,229,0.9300523767170809,0.9281889702895776,0.9910967068989364,0
cvc_colondb,23,0.881667400557792,0.9094350125241,0.9647864538392568,0
cvc_colondb,230,0.9504260263361896,0.960398943971526,0.9899609949482095,0
cvc_colondb,231,0.9084070488264204,0.9305488101013456,0.9803947455271104,0
cvc_colondb,232,0.914200764547673,0.9084236157670508,0.9665136725059904,0
cvc_colondb,233,0.9176680017801776,0.9254377586752864,0.989918502867193,0
cvc_colondb,234,0.9634224943603112,0.9462504023169672,0.984999399975605,0
cvc_colondb,235,0.8503126628453294,0.8682087860803491,0.9859642376459744,0
cvc_colondb,236,0.9414658140678944,0.9295442458434274,0.9837713839468524,0
cvc_colondb,237,0.9202000252132734,0.959167182912576,0.9839347340304668,0
cvc_colondb,238,0.9571259609698474,0.9828100445782716,0.994227668493874,0
cvc_colondb,239,0.9509218143352124,0.98174969732277,0.9946321580504278,0
cvc_colondb,24,0.8953849608863467,0.8046312307344102,0.9712822451748724,0
cvc_colondb,240,0.944244035187664,0.9688680143438898,0.9927256901265256,0
cvc_colondb,241,0.9469951977021018,0.9420804832544452,0.9892463640365848,0
cvc_colondb,242,0.9195941418589454,0.935281454678269,0.9896573432858216,0
cvc_colondb,243,0.9251947111031062,0.924296472452905,0.9753700146870548,0
cvc_colondb,244,0.8082511676181835,0.5057349567669515,0.0,0
cvc_colondb,245,0.9195941418589454,0.935281454678269,0.9896573432858216,0
cvc_colondb,246,0.9251947111031062,0.924296472452905,0.9753700146870548,0
cvc_colondb,247,0.8082511676181835,0.5057349567669515,0.0,0
cvc_colondb,248,0.9195941418589454,0.935281454678269,0.9896573432858216,0
cvc_colondb,249,0.9251947111031062,0.924296472452905,0.9753700146870548,0
cvc_colondb,25,0.8448954234832031,0.2913414607924721,0.0,0
cvc_colondb,250,0.8082511676181835,0.5057349567669515,0.0,0
cvc_colondb,251,0.9195941418589454,0.935281454678269,0.9896573432858216,0
cvc_colondb,252,0.9251947111031062,0.924296472452905,0.9753700146870548,0
cvc_colondb,253,0.8082511676181835,0.5057349567669515,0.0,0
cvc_colondb,254,0.9195941418589454,0.935281454678269,0.9896573432858216,0
cvc_colondb,255,0.9251947111031062,0.924296472452905,0.9753700146870548,0
cvc_colondb,256,0.8082511676181835,0.5057349567669515,0.0,0
cvc_colondb,257,0.9195941418589454,0.935281454678269,0.9896573432858216,0
cvc_colondb,258,0.9251947111031062,0.924296472452905,0.9753700146870548,0
cvc_colondb,259,0.8082511676181835,0.5057349567669515,0.0,0
cvc_colondb,26,0.90703517587947,0.9614529849023208,0.9920939688269016,0
cvc_colondb,260,0.9195941418589454,0.935281454678269,0.9896573432858216,0
cvc_colondb,261,0.9251947111031062,0.924296472452905,0.9753700146870548,0
cvc_colondb,262,0.8082511676181835,0.5057349567669515,0.0,0
cvc_colondb,263,0.9195941418589454,0.935281454678269,0.9896573432858216,0
cvc_colondb,264,0.6064916395554161,0.7223641510731738,0.9389883539017676,0
cvc_colondb,265,0.1120439181791604,0.8090215219313388,0.7674770948653865,1
cvc_colondb,266,0.8828543808771057,0.6878318114245657,0.9241457306725404,0
cvc_colondb,267,0.9020618556702972,0.6655206286820592,0.0,0
cvc_colondb,268,3.5014005602118297e-12,0.0,0.0,1
cvc_colondb,269,2.01775625504032e-12,0.0,0.0,1
cvc_colondb,27,1.7815784785288053e-12,0.0,0.0,1
cvc_colondb,270,6.05913717886206e-13,0.0,0.0,1
cvc_colondb,271,0.6064916395554161,0.7223641510731738,0.9389883539017676,0
cvc_colondb,272,0.1120439181791604,0.8090215219313388,0.7674770948653865,1
cvc_colondb,273,1.7850767582974205e-12,0.0,0.0,1
cvc_colondb,274,4.183750313779523e-13,0.0,0.0,1
cvc_colondb,275,3.7220381881104264e-13,0.0,0.0,1
cvc_colondb,276,0.6282410852270184,0.9172951391086516,0.9487412443946694,0
cvc_colondb,277,0.8173319920504901,0.8266467745594569,0.9600380856364056,0
cvc_colondb,278,6.842753524013386e-13,0.0,0.0,1
cvc_colondb,279,0.8325731384910862,0.8168464539817852,0.0,0
cvc_colondb,28,0.8690005819473997,0.3659677698838706,0.9524821188299764,0
cvc_colondb,280,0.7917709954659973,0.9528499418375522,0.9755291767504224,0
cvc_colondb,281,0.8264462809918004,0.9302304232071374,0.973837947675483,0
cvc_colondb,282,0.7953084470509781,0.9078518875884044,0.952229660727929,0
cvc_colondb,283,1.1817257923470042e-13,0.0,0.0,1
cvc_colondb,284,0.8944469817048882,0.9131959335029608,0.9871501042924866,0
cvc_colondb,285,0.884548395123189,0.8597813395603737,0.9679939662339307,0
cvc_colondb,286,0.4692138537659096,0.7932497779530265,0.0,1
cvc_colondb,287,3.751782096494428e-13,0.0,0.0,1
cvc_colondb,288,0.7412909517190404,0.8027079303672544,0.850225022502059,0
cvc_colondb,289,0.6718634912841329,0.9172951391086516,0.9487412443946694,0
cvc_colondb,29,4.101554489149706e-13,0.0,0.0,1
cvc_colondb,290,0.7508957698273302,0.705831702543755,0.9006012285972747,0
cvc_colondb,291,0.7470886005920315,0.7185883530782919,0.8903521328367842,0
cvc_colondb,292,1.4337328668920354e-13,0.8025088998134597,0.9351595236517878,1
cvc_colondb,293,4.871157874224331e-13,0.0,0.0,1
cvc_colondb,294,4.183750313779523e-13,0.0,0.0,1
cvc_colondb,295,3.7220381881104264e-13,0.0,0.0,1
cvc_colondb,296,0.6282410852270184,0.9172951391086516,0.9487412443946694,0
cvc_colondb,297,0.8173319920504901,0.8266467745594569,0.9600380856364056,0
cvc_colondb,298,6.842753524013386e-13,0.0,0.0,1
cvc_colondb,299,0.8325731384910862,0.8168464539817852,0.0,0
cvc_colondb,3,0.7982584441648362,0.8754777960779155,0.9322857438226912,0
cvc_colondb,300,0.7917709954659973,0.9528499418375522,0.9755291767504224,0
cvc_colondb,301,1.0825556974905189e-13,0.0,0.0,1
cvc_colondb,302,6.591870904799765e-14,0.0,0.0,1
cvc_colondb,303,0.6314580837236489,0.4289002557544518,0.0,0
cvc_colondb,304,0.8483370594130573,0.7315474263515277,0.9720323770821327,0
cvc_colondb,305,0.8472619836398325,0.3038896157963361,0.9651991894784674,0
cvc_colondb,306,0.5898718330487454,0.7415883894786545,0.627246060267392,0
cvc_colondb,307,0.6849216017605466,0.381680932803063,0.0,0
cvc_colondb,308,0.7222468638757308,0.2843630853455513,0.0,0
cvc_colondb,31,0.8806905192816787,0.9009220755737658,0.9794131641551216,0
cvc_colondb,310,5.5173022598867024e-14,0.0,0.0,1
cvc_colondb,311,8.635802309212794e-14,0.0,0.0,1
cvc_colondb,312,0.8762669003006772,0.9373555116999752,0.0,0
cvc_colondb,314,1.0589742775146873e-13,0.0,0.0,1
cvc_colondb,315,0.6503789635040971,0.2191035495292888,0.0,0
cvc_colondb,316,1.935096851597048e-13,0.0,0.0,1
cvc_colondb,317,1.1114568977013837e-13,0.0,0.0,1
cvc_colondb,318,0.6522794453389937,0.5524188446343578,0.858647028869062,0
cvc_colondb,319,1.1319772246181128e-13,0.0,0.0,1
cvc_colondb,32,0.9538159187684327,0.9511304316839868,0.9868541300525508,0
cvc_colondb,320,1.2020097603191093e-13,0.0,0.0,1
cvc_colondb,321,0.9503992346469472,0.484377222511926,0.9887248898371872,0
cvc_colondb,322,7.408175662660765e-14,0.0,0.0,1
cvc_colondb,323,1.26694539465333e-13,0.0,0.0,1
cvc_colondb,324,2.547640884540266e-13,0.0,0.0,1
cvc_colondb,325,1.9370835270413117e-13,0.0,0.0,1
cvc_colondb,326,0.8862812033283671,0.7497053706716847,0.0,0
cvc_colondb,327,0.8957096397115961,0.588972219287991,0.0,0
cvc_colondb,328,0.9017621145374524,0.7340559055750548,0.9712491287069672,0
cvc_colondb,329,0.9126736551924342,0.8763707451315265,0.0,0
cvc_colondb,33,0.9166532010471136,0.93278455346036,0.989460332799508,0
cvc_colondb,330,0.9134811861450328,0.6067161610698231,0.96351599925237,0
cvc_colondb,331,0.9648907811453789,0.9324614563810084,0.9873107631687456,0
cvc_colondb,332,0.8310422358146251,0.8339384674182659,0.8240326949449177,0
cvc_colondb,333,0.9673255027752908,0.958639642205504,0.9869351244769252,0
cvc_colondb,334,0.9697525623142724,0.9086138613860744,0.9852985109827996,0
cvc_colondb,335,9.302239048938217e-14,0.0,0.0,1
cvc_colondb,336,0.9099771444563688,0.8784963041182311,0.9057689068916432,0
cvc_colondb,337,0.8827675075581165,0.8275184989909264,0.9083535765191972,0
cvc_colondb,338,0.9635566965089613,0.9674373007271196,0.9826263290583788,0
cvc_colondb,339,0.945159279282965,0.9566932327472086,0.9413497156042678,0
cvc_colondb,34,0.9579778664060754,0.6455079441500924,0.9679286608257802,0
cvc_colondb,340,1.263743207380101e-13,0.0,0.0,1
cvc_colondb,341,8.006405124035178e-12,0.0,0.0,1
cvc_colondb,342,1.1682242990517728e-11,0.0,0.0,1
cvc_colondb,343,2.774694783566108e-12,0.0,0.0,1
cvc_colondb,344,3.285151116940588e-12,0.0,0.0,1
cvc_colondb,345,4.357298474926548e-12,0.0,0.0,1
cvc_colondb,346,1.7409470752058828e-12,0.0,0.0,1
cvc_colondb,347,1.4602803738296434e-12,0.0,0.0,1
cvc_colondb,348,1.893580761215881e-12,0.0,0.0,1
cvc_colondb,349,2.402691013929835e-12,0.0,0.0,1
cvc_colondb,35,0.8781506753934204,0.842365287835884,0.9510388714251398,0
cvc_colondb,350,2.278942570642027e-12,0.0,0.0,1
cvc_colondb,352,4.271678769738268e-12,0.0,0.0,1
cvc_colondb,355,7.173601147724724e-12,0.0,0.0,1
cvc_colondb,356,7.51314800895933e-12,0.0,0.0,1
cvc_colondb,357,8.038585208938597e-12,0.0,0.0,1
cvc_colondb,358,8.718395815093999e-12,0.0,0.0,1
cvc_colondb,359,8.396305625454271e-12,0.0,0.0,1
cvc_colondb,36,0.9434261264592616,0.922276752373594,0.980705110685712,0
cvc_colondb,360,8.718395815093999e-12,0.0,0.0,1
cvc_colondb,361,1.0240655401935238e-12,0.0,0.0,1
cvc_colondb,362,1.3518994186814224e-12,0.0,0.0,1
cvc_colondb,363,1.9249278152032245e-12,0.0,0.0,1
cvc_colondb,364,0.7699155794324329,0.1165038966163272,0.9382992327350732,0
cvc_colondb,365,0.8211382113823935,0.121125300984449,0.946684438518916,0
cvc_colondb,366,0.792842173142362,0.0492907520405607,0.9451219512179114,0
cvc_colondb,367,0.7638530927838856,0.061833412496195,0.9328648048808345,0
cvc_colondb,368,0.8043755697359993,0.1595297266296312,0.9500990098991088,0
cvc_colondb,369,0.8103827540699288,0.1861682242987174,0.0,0
cvc_colondb,37,0.8931068931069237,0.912153348834313,0.9786867599566796,0
cvc_colondb,370,0.7701833769950698,0.0,0.0,0
cvc_colondb,371,5.770340450053259e-12,0.0,0.0,1
cvc_colondb,372,5.5586436909085116e-12,0.0,0.0,1
cvc_colondb,374,4.844961240286605e-12,0.0,0.0,1
cvc_colondb,375,4.8638132295483284e-12,0.0,0.0,1
cvc_colondb,376,4.415011037508102e-12,0.0,0.0,1
cvc_colondb,377,3.951007506898653e-12,0.0,0.0,1
cvc_colondb,378,4.317789291863913e-12,0.0,0.0,1
cvc_colondb,379,5.027652086450339e-12,0.0,0.0,1
cvc_colondb,38,0.9044370661032488,0.8625195516161265,0.974875129582325,0
cvc_colondb,39,0.8171906425322142,0.9436582578878934,0.9774586438820418,0
cvc_colondb,4,0.8416697657122343,0.5328982817456347,0.9266875482314556,0
cvc_colondb,40,0.9082223047932968,0.9207760288652822,0.9698616352196378,0
cvc_colondb,41,0.9118637839162664,0.9630134651434789,0.9731752963188492,0
cvc_colondb,42,0.926999650716096,0.9050850041923418,0.9626403082585336,0
cvc_colondb,43,0.9254690310974522,0.9466362873240516,0.9792156377576524,0
cvc_colondb,44,0.8560090702949886,0.6525004266934182,0.9792647245885012,0
cvc_colondb,45,0.8943955534970383,0.9000248077396428,0.990797136886591,0
cvc_colondb,46,0.91791437815069,0.8860134729534542,0.978086194301696,0
cvc_colondb,47,0.8997591254401521,0.879811733063641,0.9685411282408264,0
cvc_colondb,48,0.9238518125787502,0.902876441131418,0.9790951638059412,0
cvc_colondb,49,0.9453069422940348,0.9675448955487366,0.9765730405981534,0
cvc_colondb,5,1.2898232942070297e-12,0.0,0.0,1
cvc_colondb,50,0.8561713702824615,0.9129433440796668,0.9504950495035028,0
cvc_colondb,51,0.9346996182440532,0.7584985835680622,0.9854740061143245,0
cvc_colondb,52,0.9402058487175786,0.9363433312053794,0.9847414070021002,0
cvc_colondb,53,0.8478238070269031,0.947397873530174,0.979406307976828,0
cvc_colondb,54,0.9185262065387456,0.9453176470579338,0.9829002028779992,0
cvc_colondb,55,0.9080411209690072,0.8075265426250314,0.9725480087627626,0
cvc_colondb,56,0.837397200981334,0.8607888631079392,0.9113247863235692,0
cvc_colondb,57,0.9370671788909988,0.8988859516612071,0.9794856977747376,0
cvc_colondb,58,0.8915702343203511,0.8890688829409462,0.9778264440182324,0
cvc_colondb,59,0.941487638993878,0.90704254334024,0.9882131070244704,0
cvc_colondb,6,0.807648874501387,0.7977134146335383,0.9401510036210544,0
cvc_colondb,60,0.890575916230462,0.9632032919197884,0.9893393510224968,0
cvc_colondb,61,0.9202836637047505,0.3744825302200801,0.0,0
cvc_colondb,62,0.9531742822482868,0.9484536082473136,0.9881466634411552,0
cvc_colondb,63,0.947826319734454,0.9137504604534924,0.9873343777381128,0
cvc_colondb,64,0.9434151226840344,0.9416917372138892,0.9818109924870104,0
cvc_colondb,65,0.9338930368186732,0.9606058288073188,0.988876751949878,0
cvc_colondb,66,0.9394487846228002,0.9589132169131818,0.9868579828427596,0
cvc_colondb,67,0.9452490087455512,0.942882750753431,0.9794488937149508,0
cvc_colondb,68,0.9376399538576584,0.9288083201851663,0.976503460976384,0
cvc_colondb,69,0.9076740640352884,0.7858540865217075,0.9720152343097798,0
cvc_colondb,7,0.9113352158128992,0.8780043096296386,0.9737505561315632,0
cvc_colondb,70,0.8769401330378077,0.5949779121127703,0.94313913878859,0
cvc_colondb,71,9.89707046713193e-13,0.1507402422609587,0.9709917268813792,1
cvc_colondb,72,0.9233504682768954,0.9170124481326204,0.9505194049695088,0
cvc_colondb,73,0.9474510830443206,0.9351335485761552,0.981902942794852,0
cvc_colondb,74,0.8801858612679718,0.0,0.98250306474871,0
cvc_colondb,75,3.952412948103256e-13,0.0,0.0,1
cvc_colondb,76,0.9447273263965896,0.8041670314275865,0.9849378189563036,0
cvc_colondb,77,0.8293889981601235,0.7728831442885961,0.9676094890505432,0
cvc_colondb,78,0.942837422350541,0.7590582479737356,0.8627228983860298,0
cvc_colondb,79,0.9142039063299784,0.781051929277459,0.8571428571419056,0
cvc_colondb,8,0.8360932229378748,0.8469836196557354,0.9566407375389248,0
cvc_colondb,80,0.8855341738555317,0.8123098944340449,0.9456122789440348,0
cvc_colondb,81,0.8267575905182225,0.6608969315486607,0.9622882710115656,0
cvc_colondb,82,0.8553286425264195,0.8351467871056556,0.9766493699018224,0
cvc_colondb,83,0.8223976319688643,0.8108836206874707,0.9690355329924644,0
cvc_colondb,84,0.8172004954878478,0.8958539972209961,0.9578010065796404,0
cvc_colondb,85,0.8741174444637952,0.7821502541879455,0.967909238248026,0
cvc_colondb,86,0.9028281363308506,0.7652284263943206,0.9584837545109052,0
cvc_colondb,87,0.8971162790699588,0.79936051158913,0.9513876613028966,0
cvc_colondb,88,0.91289198606292,0.8119402985054429,0.9884341636988692,0
cvc_colondb,89,0.7924424972623427,0.7380878231057674,0.9548645937789496,0
cvc_colondb,9,0.8973112562662181,0.9143494423785022,0.9600529684389316,0
cvc_colondb,90,0.9199582027169908,0.8928487690483169,0.9577086596532608,0
cvc_colondb,91,0.9301093077180188,0.7295751633957126,0.9671361502314986,0
cvc_colondb,92,0.8595558335944337,0.0,0.9613705072188063,0
cvc_colondb,93,0.8936336924584783,0.8053593179040128,0.976016469376247,0
cvc_colondb,94,0.8184517917247704,0.902422760611464,0.9589877835930214,0
cvc_colondb,95,0.8806665033081102,0.7272559852663653,0.973291081936794,0
cvc_colondb,96,0.8882378162070257,0.7619535519119177,0.9617200552037758,0
cvc_colondb,97,0.8266175454756108,0.7779135108715873,0.8813276750523784,0
cvc_colondb,98,0.9256594724220898,0.8657634566089836,0.9753462403012924,0
cvc_colondb,99,0.759108984513996,0.8493276716203647,0.7882112369759524,0
etis_larib,1,9.514747859172678e-13,0.0,0.0,1
etis_larib,10,9.709680551500428e-13,0.0,0.0,1
etis_larib,101,4.096010485785166e-13,0.0,0.0,1
etis_larib,104,4.2245785982830363e-13,0.0,0.0,1
etis_larib,105,0.932020858146591,0.6897280522225036,0.9787217613304096,0
etis_larib,106,0.9552975619605292,0.7136087298063153,0.992009996046437,0
etis_larib,107,0.927564551301102,0.6519180882681092,0.980202012443305,0
etis_larib,108,0.8371976907473938,0.6576911342496359,0.952015848713861,0
etis_larib,109,0.9382175387375912,0.6964513922056834,0.9911668631733096,0
etis_larib,11,0.3408762638422563,0.3155679088970193,0.0,1
etis_larib,110,0.9370793093356836,0.9425753813407672,0.970765623517481,0
etis_larib,111,0.930394686953446,0.8199920472271516,0.9797623468249884,0
etis_larib,112,0.8864076294792771,0.8992435703477634,0.939507327720402,0
etis_larib,113,0.9782548644511057,0.9740495209299226,0.9877065249982449,0
etis_larib,114,0.97571677689589,0.968449010421528,0.9881466602165134,0
etis_larib,115,0.973636908328341,0.9692786187261916,0.9919117365376258,0
etis_larib,116,0.973564980846964,0.970961643825658,0.9809971976178664,0
etis_larib,117,0.974513098543349,0.9642561594641657,0.9834015444114016,0
etis_larib,118,0.9747458910034608,0.9708016675425266,0.9884906474781304,0
etis_larib,119,0.9526589367831528,0.9716519703873694,0.9659455501564054,0
etis_larib,12,9.58956655158267e-13,0.0,0.0,1
etis_larib,120,0.9490378974661964,0.9666459413910824,0.9664314214622332,0
etis_larib,121,0.8776493256262463,0.0,0.9742105925270556,0
etis_larib,122,0.9355284879311402,0.3339904656079666,0.9851521579148153,0
etis_larib,123,0.8959727307158843,0.0,0.9852588275620012,0
etis_larib,124,0.9760747363575328,0.9633257879008368,0.9919869652406004,0
etis_larib,125,0.9735795050414058,0.973228455116221,0.99303416575838,0
etis_larib,126,0.8938742444070873,0.0,0.9780819544309748,0
etis_larib,127,0.9133033795663554,0.85842562107125,0.9696747460668952,0
etis_larib,128,0.8953339041096451,0.4469222684274444,0.9632061143496334,0
etis_larib,129,0.9215979491562052,0.4402465500460559,0.9762197823834492,0
etis_larib,13,0.5760864012843743,0.1670513265660253,0.0,0
etis_larib,130,0.8906544681193007,0.5154427784184469,0.9664572462993056,0
etis_larib,131,0.90783704058044,0.85842562107125,0.9696747460668952,0
etis_larib,132,0.9002410143561248,0.4761904761903452,0.9652334326659262,0
etis_larib,133,0.9471447885147836,0.9516116480675862,0.9861240440243348,0
etis_larib,134,0.9310094114795956,0.8624353144109961,0.9772496521639196,0
etis_larib,135,0.8169541382538589,0.8334199584195974,0.9789049170152866,0
etis_larib,136,0.9273623312620608,0.94243609153577,0.9759936869210268,0
etis_larib,137,0.950271302863424,0.7532700289270606,0.98003538033845,0
etis_larib,138,0.8811752360965871,0.8263457990940691,0.964546899840634,0
etis_larib,139,6.109481915929796e-13,0.0,0.0,1
etis_larib,14,0.8907552900424263,0.4182409203852736,0.8582650687938025,0
etis_larib,140,0.9594415992070215,0.9389108633980826,0.9882116274387496,0
etis_larib,141,0.8704805942250625,0.7771959820470308,0.959516011644396,0
etis_larib,142,0.9234709433502276,0.91096696499414,0.9762021802616964,0
etis_larib,143,0.9620345519451854,0.9693579017602604,0.9944784965298126,0
etis_larib,144,0.9472918056650856,0.7917831190606512,0.9828820060683052,0
etis_larib,145,0.9679779983259672,0.9047737691845464,0.9731710822591452,0
etis_larib,147,5.229305025359394e-13,0.0,0.0,1
etis_larib,149,7.161784716746285e-13,0.0,0.0,1
etis_larib,15,0.8871738172772159,0.563140500972878,0.9235479363489988,0
etis_larib,150,2.0102522866615722e-13,0.0,0.0,1
etis_larib,152,7.287036362306138e-13,0.0,0.0,1
etis_larib,153,0.7968316050681505,0.9341732118818942,0.953088885718226,0
etis_larib,154,0.0014771631297572,0.8011001441721015,0.9120119424497308,1
etis_larib,155,5.184033177809651e-13,0.0,0.0,1
etis_larib,156,0.0003635302615504,0.8515960314892469,0.7773574945434084,1
etis_larib,157,0.0017133066819379,0.8611759600977023,0.9099899112816644,1
etis_larib,158,0.8480606770673219,0.0,0.9729085564468704,0
etis_larib,159,0.953771596801822,0.9207400252180096,0.9901286635493268,0
etis_larib,16,9.01908438255267e-14,0.0,0.0,1
etis_larib,160,0.9208888182215748,0.7366816872452137,0.9844178555680206,0
etis_larib,161,7.417077078264448e-14,0.4225706079463757,0.988228074991469,1
etis_larib,162,0.9650133593953226,0.9106887481011514,0.990082224294236,0
etis_larib,163,0.9418471885508766,0.7874511764521583,0.983627789332466,0
etis_larib,164,7.922109816285649e-14,0.3211629115807113,0.0,1
etis_larib,165,0.905874921036036,0.7463540956791787,0.9791192207433176,0
etis_larib,166,0.9074495852105688,0.9014953239867136,0.9639570316105508,0
etis_larib,167,0.941230312786046,0.91355104297857,0.9789745145629584,0
etis_larib,168,6.172458490212843e-13,0.0,0.0,1
etis_larib,169,0.905778894472421,0.505533110837427,0.9566406472560216,0
etis_larib,17,0.540833247729074,0.59579020700632,0.5055524560983697,0
etis_larib,170,0.8531053973944626,0.0,0.0,0
etis_larib,171,8.695954641899834e-14,0.0,0.0,1
etis_larib,172,0.9614739495634118,0.9722260218412396,0.9887386317199643,0
etis_larib,173,0.9454785521943644,0.9265131142842814,0.9765768054860988,0
etis_larib,174,0.9344897917970914,0.9318967874394528,0.9647969160548574,0
etis_larib,175,0.9409896053240062,0.9722260218412396,0.9887386317199643,0
etis_larib,176,0.9271610974565312,0.9333398863058948,0.9587638408773588,0
etis_larib,177,0.913382735607507,0.7666378675609832,0.9180126917673066,0
etis_larib,178,0.7534232124396124,0.7319870491679623,0.797705420621487,0
etis_larib,179,0.9858757431240612,0.938311637254548,0.989139855888006,0
etis_larib,18,0.9076273773342066,0.9125017574633,0.9377685284639542,0
etis_larib,180,0.9492193400198278,0.9333514735015126,0.9557271470478992,0
etis_larib,181,0.9148739083021724,0.8656334741997926,0.9653382109455858,0
etis_larib,182,0.9539687248379036,0.8433470920708358,0.9713365766783092,0
etis_larib,183,0.7341735709030847,0.7864675234455316,0.7802088589207253,0
etis_larib,184,0.9052864962239476,0.8727641128695965,0.95766354191327,0
etis_larib,185,0.902151412095242,0.8890551663150655,0.9798271885433268,0
etis_larib,186,0.9087319254370012,0.8902469112370442,0.9757779254123542,0
etis_larib,187,0.926132275241067,0.9016665733533208,0.9711452806071168,0
etis_larib,188,0.8136273209549381,0.8365331625432556,0.9524459199295174,0
etis_larib,189,0.8643319386735968,0.9208921370966582,0.9577663364341246,0
etis_larib,19,3.8249694002433363e-13,0.0,0.0,1
etis_larib,190,0.868508464890361,0.905095342821195,0.9822602416951428,0
etis_larib,191,7.955449482832496e-12,0.0,0.0,1
etis_larib,192,3.6775522212401894e-13,0.0235409514467787,0.0,1
etis_larib,193,7.535795026318496e-12,0.0,0.0,1
etis_larib,194,2.2764005554412177e-13,0.8216670165860702,0.9519676866706328,1
etis_larib,195,7.468259895388588e-12,0.0,0.0,1
etis_larib,196,2.5819111306182176e-13,0.8586475164570828,0.0,1
etis_larib,2,0.9518559003849856,0.2252514337958397,0.9513160959697408,0
etis_larib,20,5.503274448293708e-13,0.0,0.0,1
etis_larib,21,0.9570425282871676,0.9475930756461076,0.9855258865743058,0
etis_larib,22,5.163422316308585e-13,0.0,0.0,1
etis_larib,23,4.199210548415134e-13,0.5072093662827536,0.706318866651543,1
etis_larib,24,0.8970936490851484,0.0,0.0,0
etis_larib,25,0.930830266789335,0.7666963306359024,0.9229561900589556,0
etis_larib,26,0.9003821890684809,0.9111914075448426,0.0,0
etis_larib,27,0.9555665267835144,0.8406734329310659,0.9650306461422388,0
etis_larib,28,0.8488846246102304,0.4752421267030919,0.9577518822231156,0
etis_larib,29,2.033636345148347e-13,0.0,0.0,1
etis_larib,3,1.0262725779956626e-12,0.0,0.0,1
etis_larib,30,0.9113869340123546,0.6990935896035056,0.0,0
etis_larib,31,2.551866690483438e-13,0.0,0.0,1
etis_larib,32,1.224604758813943e-13,0.0,0.0,1
etis_larib,33,1.3370771493513388e-13,0.0,0.0,1
etis_larib,34,9.850275807721649e-14,0.0,0.0,1
etis_larib,35,1.9214141608219968e-13,0.0,0.0,1
etis_larib,36,8.903926631636627e-13,0.0,0.0,1
etis_larib,37,0.8983642712736837,0.907097774332686,0.973106599745117,0
etis_larib,38,0.8803570311359762,0.8869928262560867,0.9900568976772708,0
etis_larib,39,0.8763379549046924,0.891013853132123,0.9758387603464508,0
etis_larib,4,9.91276764471658e-13,0.0,0.0,1
etis_larib,40,0.8953713907868751,0.8836746679801373,0.9681977351380248,0
etis_larib,41,0.9233994941564804,0.8884968796060394,0.9879018320082084,0
etis_larib,42,0.8825622775800978,0.9147861663361856,0.9653663871671396,0
etis_larib,43,0.5179004880765333,0.6145410828847776,0.9735212256461756,0
etis_larib,44,0.6002442098629667,0.8256757405539031,0.9554723939688476,0
etis_larib,45,0.589228612066659,0.0002446782481037,0.0,0
etis_larib,46,0.5383131140633483,0.0,0.985833943238028,0
etis_larib,47,0.5703992488570001,0.0,0.0,0
etis_larib,48,0.6455544049116386,0.0,0.966820040899672,0
etis_larib,49,0.9446648155493962,0.9428419209983746,0.986031348912836,0
etis_larib,5,1.1406410402633276e-12,0.0,0.0,1
etis_larib,50,0.957269931000092,0.9529717427643044,0.994593722262367,0
etis_larib,51,0.9429797670141136,0.8987049322790016,0.9895400767842611,0
etis_larib,52,0.966654234479846,0.9629254671536392,0.988596473961479,0
etis_larib,53,1.1203226529227869e-12,0.0,0.0,1
etis_larib,54,0.9550989566683266,0.0,0.972757284340183,0
etis_larib,55,0.9627159976376074,0.9410939691442816,0.9934737466625272,0
etis_larib,56,0.9612455915357564,0.8433958422872299,0.9907354364614918,0
etis_larib,57,1.086602194935253e-12,0.0,0.0,1
etis_larib,58,1.1339154099091349e-12,0.0,0.0,1
etis_larib,59,0.0357961430095277,0.0,0.0,1
etis_larib,6,0.9141201756845556,0.359144054709641,0.9897312260018796,0
etis_larib,60,2.613012803755911e-12,0.0,0.0,1
etis_larib,61,0.959275462699133,0.3269028208642483,0.8497713527068261,0
etis_larib,62,0.8681558188677722,0.4097672332966117,0.0,0
etis_larib,63,0.9747229398797002,0.973984280970742,0.9933525278373428,0
etis_larib,64,0.9875197806523134,0.9697547191509368,0.9941823655843586,0
etis_larib,65,0.9500953732866132,0.95988102568858,0.9763054463783296,0
etis_larib,66,0.9877796533033466,0.9700250504062816,0.991751015697002,0
etis_larib,67,0.9573460831880968,0.9670585692153182,0.9860473938142672,0
etis_larib,68,0.9548109587702044,0.9253538921690108,0.9511199225846844,0
etis_larib,7,1.023960679908843e-12,0.0,0.0,1
etis_larib,70,3.591954022975604e-12,0.0,0.0,1
etis_larib,71,1.2685525815028945e-12,0.0,0.0,1
etis_larib,72,1.69923534409227e-12,0.0,0.0,1
etis_larib,74,1.4622020763248105e-12,0.0,0.0,1
etis_larib,75,0.8731283689359787,0.8796574297382095,0.962519017103424,0
etis_larib,76,0.8331729226821999,0.0,0.9737661798290485,0
etis_larib,77,0.9059554413025858,0.0134757535522456,0.965688300949808,0
etis_larib,78,0.81090100111261,0.0,0.9580510992264312,0
etis_larib,79,0.8779739063700717,0.0,0.939443950741476,0
etis_larib,8,0.6739502185066585,0.8138336629538843,0.8240401420756543,0
etis_larib,80,0.9138620851965508,0.8871967151919047,0.980527428507481,0
etis_larib,81,0.9768472126997532,0.9645335461758314,0.990988476990017,0
etis_larib,82,0.960236386661044,0.9564144185234084,0.9883311316599256,0
etis_larib,83,0.9812660827470718,0.9741584658693864,0.9940837853943224,0
etis_larib,84,0.9817199403776096,0.9696079811733928,0.987378992597143,0
etis_larib,85,0.965956148380631,0.9613943707086776,0.9817892529109002,0
etis_larib,86,0.9703558723945356,0.9579995820852604,0.9897465272803968,0
etis_larib,87,0.4005826905761902,0.2645703959083491,0.0,1
etis_larib,88,0.6122217398168804,0.4219179613277958,0.0,0
etis_larib,89,2.552322613571842e-12,0.0,0.0,1
etis_larib,9,1.4600671630873704e-12,0.0,0.0,1
etis_larib,90,0.919106074913504,0.5604130808947675,0.9526685287227652,0
etis_larib,91,0.8845813406157661,0.7130715030490131,0.6628860356186819,0
etis_larib,92,2.440452948066566e-13,0.0,0.0,1
etis_larib,93,0.8480576319765103,0.9089024053079524,0.9231468849474036,0
etis_larib,94,0.8345575716301822,0.8472524285918344,0.9330280480820456,0
etis_larib,95,0.8530484973131739,0.798475398474845,0.9526991991698146,0
etis_larib,96,0.8127703398559473,0.8590586204601612,0.9580427708037202,0
etis_larib,97,0.8142088266954713,0.8497471707196205,0.930137463023782,0
etis_larib,98,0.8328059522792128,0.8764654652639926,0.9169608279924202,0
etis_larib,99,4.5446282494071333e-13,0.0,0.0,1
cvc_300,149,0.9204512996286918,0.8887329434696124,0.9824987675186664,0
cvc_300,150,0.9108974836674588,0.2947149179899788,0.0,0
cvc_300,151,0.9194437701564242,0.7463500439750456,0.96069198842002,0
cvc_300,152,8.227743952601428e-13,0.0,0.0,1
cvc_300,153,7.544322897014301e-13,0.0,0.0,1
cvc_300,154,8.41892574506784e-13,0.0,0.0,1
cvc_300,155,1.0011012113314637e-12,0.0,0.0,1
cvc_300,156,0.8869343953977835,0.8618771590837508,0.9649619634621772,0
cvc_300,157,0.8797768479777687,0.8828103683486475,0.9862122788755292,0
cvc_300,158,0.8849978383053142,0.6740469973886819,0.9872002155746517,0
cvc_300,159,0.9125721169086968,0.9188164812318628,0.9799671977501287,0
cvc_300,160,0.8430548860272412,0.7637900814513022,0.9797257006553488,0
cvc_300,161,0.845053147996835,0.4290849673201212,0.9546846677911404,0
cvc_300,162,0.8818001551858938,0.8331199317108884,0.8926594291459539,0
cvc_300,163,0.9032438792089736,0.9347872797588446,0.0,0
cvc_300,164,0.9259277085238842,0.9522731389236768,0.989490703314026,0
cvc_300,165,0.9286851451198396,0.9373612068301794,0.9849481105913868,0
cvc_300,166,0.875033118431548,0.855615809781819,0.9756546914065072,0
cvc_300,167,0.8986981058278489,0.8242822966502247,0.9819524626821752,0
cvc_300,168,0.8744036105739044,0.8119235233029064,0.9888023369030008,0
cvc_300,169,0.9471418732782596,0.908627933624365,0.9665593262319516,0
cvc_300,170,0.9621184757088762,0.8152663561253637,0.9845126952270778,0
cvc_300,171,0.9557932331541296,0.7714421839044723,0.984000753792426,0
cvc_300,172,0.9007412555015633,0.9225320440741384,0.986061970622394,0
cvc_300,173,0.9135318579418223,0.952482007750068,0.9370993932138548,0
cvc_300,174,0.9293346714682512,0.959487296863722,0.9687341558216614,0
cvc_300,175,0.8559624280518888,0.8436607652766834,0.9809353405722542,0
cvc_300,176,0.9049391191242168,0.9706829350954176,0.9874805440884524,0
cvc_300,177,0.906109931587694,0.9563624250494356,0.9850521561452924,0
cvc_300,178,0.9092832254853724,0.5492967601985342,0.971068461758252,0
cvc_300,179,0.8322954459306697,0.8560209424080034,0.9349401957226644,0
cvc_300,180,0.8977403545703063,0.964767572025875,0.9799649758092726,0
cvc_300,181,0.9520713265356624,0.9464830300044532,0.9800611264731092,0
cvc_300,182,0.8772988339038827,0.9198712519052912,0.9917695473245796,0
cvc_300,183,0.9082955539649182,0.905429071803132,0.9796338504514523,0
cvc_300,184,0.9186665694070184,0.9554035567708924,0.9817587802879242,0
cvc_300,185,0.8330509579045575,0.9587114337557182,0.9915454852880266,0
cvc_300,186,0.9397225725095336,0.9207664422567052,0.993543580828168,0
cvc_300,187,0.916155419222994,0.9490395923158084,0.9908610885448914,0
cvc_300,188,0.8956037962257057,0.8959844138966381,0.9781051357068123,0
cvc_300,189,0.9270342972428116,0.927714237421304,0.9844815550657872,0
cvc_300,190,0.8858154606802393,0.961329379786903,0.9905366554857508,0
cvc_300,191,0.929813690254914,0.9515418502198832,0.9888963000741596,0
cvc_300,192,0.9091994032819944,0.9541073657922824,0.9569350967190864,0
cvc_300,193,0.9030988686670344,0.9378244408879676,0.982797865591633,0
cvc_300,194,0.9128579188329662,0.9716821949963422,0.9899557187597688,0
cvc_300,195,0.8602475448893834,0.9451958068540844,0.9858702965679904,0
cvc_300,196,0.9371046228710844,0.8655781474631004,0.9723661485313918,0
cvc_300,197,0.938655541860264,0.9716839642447144,0.9869723814483686,0
cvc_300,198,0.8762697751874469,0.905429071803132,0.9796338504514523,0
cvc_300,199,0.8585251918586039,0.9115519735477828,0.951601321269112,0
cvc_300,200,0.9007883689977468,0.9601730750310156,0.9898139079324292,0
cvc_300,201,0.910256410256523,0.9113549500666857,0.9742399628672844,0
cvc_300,202,0.8111876640420722,0.8135854882281692,0.9080401692664346,0
cvc_300,203,0.9141742522757386,0.961329379786903,0.9905366554857508,0
cvc_300,204,0.6030844155847377,0.7578564162959699,0.0,0
cvc_300,205,0.6621995630012204,0.6147045137268382,0.0,0
cvc_300,206,0.9033326433452632,0.6008370795216232,0.9718012660637412,0
cvc_300,207,0.7336903602729627,0.5198460566370728,0.902776537808318,0
cvc_300,208,0.8767200224659457,0.0,0.0,0
